Name,Role,Note
User 1,Engineer,"note 1, keeps comma"
User 2,Engineer,"note 2, keeps comma"
User 3,Engineer,"note 3, keeps comma"
User 4,Engineer,"note 4, keeps comma"
User 5,Engineer,"note 5, keeps comma"
User 6,Engineer,"note 6, keeps comma"
User 7,Engineer,"note 7, keeps comma"
User 8,Engineer,"note 8, keeps comma"
User 9,Engineer,"note 9, keeps comma"
User 10,Engineer,"note 10, keeps comma"
User 11,Engineer,"note 11, keeps comma"
User 12,Engineer,"note 12, keeps comma"
User 13,Engineer,"note 13, keeps comma"
User 14,Engineer,"note 14, keeps comma"
User 15,Engineer,"note 15, keeps comma"
User 16,Engineer,"note 16, keeps comma"
User 17,Engineer,"note 17, keeps comma"
User 18,Engineer,"note 18, keeps comma"
User 19,Engineer,"note 19, keeps comma"
User 20,Engineer,"note 20, keeps comma"
User 21,Engineer,"note 21, keeps comma"
User 22,Engineer,"note 22, keeps comma"
User 23,Engineer,"note 23, keeps comma"
User 24,Engineer,"note 24, keeps comma"
User 25,Engineer,"note 25, keeps comma"
User 26,Engineer,"note 26, keeps comma"
User 27,Engineer,"note 27, keeps comma"
User 28,Engineer,"note 28, keeps comma"
User 29,Engineer,"note 29, keeps comma"
User 30,Engineer,"note 30, keeps comma"
User 31,Engineer,"note 31, keeps comma"
User 32,Engineer,"note 32, keeps comma"
User 33,Engineer,"note 33, keeps comma"
User 34,Engineer,"note 34, keeps comma"
User 35,Engineer,"note 35, keeps comma"
User 36,Engineer,"note 36, keeps comma"
User 37,Engineer,"note 37, keeps comma"
User 38,Engineer,"note 38, keeps comma"
User 39,Engineer,"note 39, keeps comma"
User 40,Engineer,"note 40, keeps comma"
User 41,Engineer,"note 41, keeps comma"
User 42,Engineer,"note 42, keeps comma"
User 43,Engineer,"note 43, keeps comma"
User 44,Engineer,"note 44, keeps comma"
User 45,Engineer,"note 45, keeps comma"
User 46,Engineer,"note 46, keeps comma"
User 47,Engineer,"note 47, keeps comma"
User 48,Engineer,"note 48, keeps comma"
User 49,Engineer,"note 49, keeps comma"
User 50,Engineer,"note 50, keeps comma"
User 51,Engineer,"note 51, keeps comma"
User 52,Engineer,"note 52, keeps comma"
User 53,Engineer,"note 53, keeps comma"
User 54,Engineer,"note 54, keeps comma"
User 55,Engineer,"note 55, keeps comma"
User 56,Engineer,"note 56, keeps comma"
User 57,Engineer,"note 57, keeps comma"
User 58,Engineer,"note 58, keeps comma"
User 59,Engineer,"note 59, keeps comma"
User 60,Engineer,"note 60, keeps comma"
