Entry	Entry Name	Protein names	Organism	Length
A0A0C5B5G6	MOTSC_HUMAN	Mitochondrial-derived peptide MOTS-c (Mitochondrial open reading frame of the 12S rRNA-c)	Homo sapiens (Human)	16
A0A1B0GTW7	CIROP_HUMAN	Ciliated left-right organizer metallopeptidase (EC 3.4.24.-) (Leishmanolysin-like peptidase 2)	Homo sapiens (Human)	788
A0JNW5	BLT3B_HUMAN	Bridge-like lipid transfer protein family member 3B (Syntaxin-6 Habc-interacting protein of 164 kDa) (UHRF1-binding protein 1-like)	Homo sapiens (Human)	1464
A0JP26	POTB3_HUMAN	POTE ankyrin domain family member B3	Homo sapiens (Human)	581
A0PK11	CLRN2_HUMAN	Clarin-2	Homo sapiens (Human)	232
A1A4S6	RHG10_HUMAN	Rho GTPase-activating protein 10 (GTPase regulator associated with focal adhesion kinase 2) (GRAF2) (Graf-related protein 2) (Rho-type GTPase-activating protein 10)	Homo sapiens (Human)	786
A1A519	F170A_HUMAN	Protein FAM170A (Zinc finger domain-containing protein) (Zinc finger protein ZNFD)	Homo sapiens (Human)	330
A1L190	SYCE3_HUMAN	Synaptonemal complex central element protein 3 (Testis highly expressed gene 2 protein) (THEG-2)	Homo sapiens (Human)	88
A1L3X0	ELOV7_HUMAN	Very long chain fatty acid elongase 7 (EC 2.3.1.199) (3-keto acyl-CoA synthase ELOVL7) (ELOVL fatty acid elongase 7) (ELOVL FA elongase 7) (Elongation of very long chain fatty acids protein 7) (Very long chain 3-ketoacyl-CoA synthase 7) (Very long chain 3-oxoacyl-CoA synthase 7)	Homo sapiens (Human)	281
A1X283	SPD2B_HUMAN	SH3 and PX domain-containing protein 2B (Adapter protein HOFI) (Factor for adipocyte differentiation 49) (Tyrosine kinase substrate with four SH3 domains)	Homo sapiens (Human)	911
A2A2Y4	FRMD3_HUMAN	FERM domain-containing protein 3 (Band 4.1-like protein 4O) (Ovary type protein 4.1) (4.1O)	Homo sapiens (Human)	597
A2RU14	TM218_HUMAN	Transmembrane protein 218	Homo sapiens (Human)	115
A2RUB6	CCD66_HUMAN	Coiled-coil domain-containing protein 66	Homo sapiens (Human)	948
A2RUC4	TYW5_HUMAN	tRNA wybutosine-synthesizing protein 5 (hTYW5) (tRNA yW-synthesizing protein 5) (EC 1.14.11.42) (tRNA(Phe) (7-(3-amino-3-carboxypropyl)wyosine(37)-C(2))-hydroxylase)	Homo sapiens (Human)	315
A3KN83	SBNO1_HUMAN	Protein strawberry notch homolog 1 (Monocyte protein 3) (MOP-3)	Homo sapiens (Human)	1393
A4D1B5	GSAP_HUMAN	Gamma-secretase-activating protein (GSAP) (Protein pigeon homolog) [Cleaved into: Gamma-secretase-activating protein 16 kDa C-terminal form (GSAP-16K)]	Homo sapiens (Human)	854
A4GXA9	EME2_HUMAN	Structure-specific endonuclease subunit EME2 (Essential meiotic structure-specific endonuclease subunit 2)	Homo sapiens (Human)	379
A5D8V7	ODAD3_HUMAN	Outer dynein arm-docking complex subunit 3 (Coiled-coil domain-containing protein 151)	Homo sapiens (Human)	595
A5PLL7	PEDS1_HUMAN	Plasmanylethanolamine desaturase 1 (EC 1.14.19.77) (Transmembrane protein 189)	Homo sapiens (Human)	270
A6BM72	MEG11_HUMAN	Multiple epidermal growth factor-like domains protein 11 (Multiple EGF-like domains protein 11)	Homo sapiens (Human)	1044
A6H8Y1	BDP1_HUMAN	Transcription factor TFIIIB component B'' homolog (Transcription factor IIIB 150) (TFIIIB150) (Transcription factor-like nuclear regulator)	Homo sapiens (Human)	2624
A6NCS4	NKX26_HUMAN	Homeobox protein Nkx-2.6 (Homeobox protein NK-2 homolog F)	Homo sapiens (Human)	301
A6NFY7	SDHF1_HUMAN	Succinate dehydrogenase assembly factor 1, mitochondrial (SDH assembly factor 1) (SDHAF1) (LYR motif-containing protein 8)	Homo sapiens (Human)	115
A6NGG8	PCARE_HUMAN	Photoreceptor cilium actin regulator	Homo sapiens (Human)	1288
A6NI61	MYMK_HUMAN	Protein myomaker (Myoblast fusion maker) (Transmembrane protein 226) (Transmembrane protein 8C)	Homo sapiens (Human)	221
A6NKB5	PCX2_HUMAN	Pecanex-like protein 2 (Pecanex homolog protein 2)	Homo sapiens (Human)	2137
A6NNB3	IFM5_HUMAN	Interferon-induced transmembrane protein 5 (Bone-restricted interferon-induced transmembrane protein-like protein) (BRIL) (Dispanin subfamily A member 1) (DSPA1)	Homo sapiens (Human)	132
A6QL63	ABTB3_HUMAN	Ankyrin repeat- and BTB/POZ domain-containing protein 3 (BTB/POZ domain-containing protein 11)	Homo sapiens (Human)	1104
A7E2V4	ZSWM8_HUMAN	Zinc finger SWIM domain-containing protein 8	Homo sapiens (Human)	1837
A7MCY6	TBKB1_HUMAN	TANK-binding kinase 1-binding protein 1 (TBK1-binding protein 1)	Homo sapiens (Human)	615
A7MD48	SRRM4_HUMAN	Serine/arginine repetitive matrix protein 4 (Medulloblastoma antigen MU-MB-2.76) (Neural-specific serine/arginine repetitive splicing factor of 100 kDa) (Neural-specific SR-related protein of 100 kDa) (nSR100)	Homo sapiens (Human)	611
A7XYQ1	SOBP_HUMAN	Sine oculis-binding protein homolog (Jackson circler protein 1)	Homo sapiens (Human)	873
A8MQ03	CRTP1_HUMAN	Cysteine-rich tail protein 1	Homo sapiens (Human)	144
A8MW99	MEI4_HUMAN	Meiosis-specific protein MEI4	Homo sapiens (Human)	385
A9UHW6	MI4GD_HUMAN	MIF4G domain-containing protein (SLBP-interacting protein 1) (hSLIP1)	Homo sapiens (Human)	222
B1AK53	ESPN_HUMAN	Espin (Autosomal recessive deafness type 36 protein) (Ectoplasmic specialization protein)	Homo sapiens (Human)	854
B2RUY7	VWC2L_HUMAN	von Willebrand factor C domain-containing protein 2-like (VWC2-like protein) (Brorin-like)	Homo sapiens (Human)	222
B3KU38	IQIP1_HUMAN	IQCJ-SCHIP1 readthrough transcript protein	Homo sapiens (Human)	563
B6A8C7	TARM1_HUMAN	T-cell-interacting, activating receptor on myeloid cells protein 1 (OSCAR-like transcript-2 protein) (OLT-2)	Homo sapiens (Human)	271
B7U540	KCJ18_HUMAN	Inward rectifier potassium channel 18 (Inward rectifier K(+) channel Kir2.6) (Potassium channel, inwardly rectifying subfamily J member 18)	Homo sapiens (Human)	433
C9JLW8	MCRI1_HUMAN	Mapk-regulated corepressor-interacting protein 1 (Granulin-2) (Protein FAM195B)	Homo sapiens (Human)	97
C9JRZ8	AK1BF_HUMAN	Aldo-keto reductase family 1 member B15 (EC 1.1.1.-) (EC 1.1.1.300) (EC 1.1.1.54) (Estradiol 17-beta-dehydrogenase AKR1B15) (Farnesol dehydrogenase) (EC 1.1.1.216) (Testosterone 17beta-dehydrogenase) (EC 1.1.1.64)	Homo sapiens (Human)	316
D3W0D1	KLRF2_HUMAN	Killer cell lectin-like receptor subfamily F member 2 (Lectin-like receptor F2) (Activating coreceptor NKp65)	Homo sapiens (Human)	207
E0CX11	STMP1_HUMAN	Short transmembrane mitochondrial protein 1	Homo sapiens (Human)	47
O00115	DNS2A_HUMAN	Deoxyribonuclease-2-alpha (EC 3.1.22.1) (Acid DNase) (Deoxyribonuclease II alpha) (DNase II alpha) (Lysosomal DNase II) (R31240_2)	Homo sapiens (Human)	360
O00116	ADAS_HUMAN	Alkyldihydroxyacetonephosphate synthase, peroxisomal (Alkyl-DHAP synthase) (EC 2.5.1.26) (Aging-associated gene 5 protein) (Alkylglycerone-phosphate synthase)	Homo sapiens (Human)	658
O00159	MYO1C_HUMAN	Unconventional myosin-Ic (Myosin I beta) (MMI-beta) (MMIb)	Homo sapiens (Human)	1063
O00161	SNP23_HUMAN	Synaptosomal-associated protein 23 (SNAP-23) (Vesicle-membrane fusion protein SNAP-23)	Homo sapiens (Human)	211
O00165	HAX1_HUMAN	HCLS1-associated protein X-1 (HS1-associating protein X-1) (HAX-1) (HS1-binding protein 1) (HSP1BP-1)	Homo sapiens (Human)	279
O00168	PLM_HUMAN	Phospholemman (FXYD domain-containing ion transport regulator 1) (Sodium/potassium-transporting ATPase subunit FXYD1)	Homo sapiens (Human)	92
O00214	LEG8_HUMAN	Galectin-8 (Gal-8) (Po66 carbohydrate-binding protein) (Po66-CBP) (Prostate carcinoma tumor antigen 1) (PCTA-1)	Homo sapiens (Human)	317
O00237	RN103_HUMAN	E3 ubiquitin-protein ligase RNF103 (EC 2.3.2.27) (KF-1) (hKF-1) (RING finger protein 103) (RING-type E3 ubiquitin transferase RNF103) (Zinc finger protein 103 homolog) (Zfp-103)	Homo sapiens (Human)	685
O00254	PAR3_HUMAN	Proteinase-activated receptor 3 (PAR-3) (Coagulation factor II receptor-like 2) (Thrombin receptor-like 2)	Homo sapiens (Human)	374
O00268	TAF4_HUMAN	Transcription initiation factor TFIID subunit 4 (RNA polymerase II TBP-associated factor subunit C) (TBP-associated factor 4) (Transcription initiation factor TFIID 130 kDa subunit) (TAF(II)130) (TAFII-130) (TAFII130) (Transcription initiation factor TFIID 135 kDa subunit) (TAF(II)135) (TAFII-135) (TAFII135)	Homo sapiens (Human)	1085
O00291	HIP1_HUMAN	Huntingtin-interacting protein 1 (HIP-1) (Huntingtin-interacting protein I) (HIP-I)	Homo sapiens (Human)	1037
O00300	TR11B_HUMAN	Tumor necrosis factor receptor superfamily member 11B (Osteoclastogenesis inhibitory factor) (Osteoprotegerin)	Homo sapiens (Human)	401
O00322	UPK1A_HUMAN	Uroplakin-1a (UP1a) (Tetraspanin-21) (Tspan-21) (Uroplakin Ia) (UPIa) (UPKa)	Homo sapiens (Human)	258
O00329	PK3CD_HUMAN	Phosphatidylinositol 4,5-bisphosphate 3-kinase catalytic subunit delta isoform (PI3-kinase subunit delta) (PI3K-delta) (PI3Kdelta) (PtdIns-3-kinase subunit delta) (EC 2.7.1.137) (EC 2.7.1.153) (Phosphatidylinositol 4,5-bisphosphate 3-kinase 110 kDa catalytic subunit delta) (PtdIns-3-kinase subunit p110-delta) (p110delta)	Homo sapiens (Human)	1044
O00330	ODPX_HUMAN	Pyruvate dehydrogenase protein X component, mitochondrial (Dihydrolipoamide dehydrogenase-binding protein of pyruvate dehydrogenase complex) (E3-binding protein) (E3BP) (Lipoyl-containing pyruvate dehydrogenase complex component X) (proX)	Homo sapiens (Human)	501
O00337	S28A1_HUMAN	Sodium/nucleoside cotransporter 1 (Concentrative nucleoside transporter 1) (CNT 1) (hCNT1) (Na(+)/nucleoside cotransporter 1) (Sodium-coupled nucleoside transporter 1) (Solute carrier family 28 member 1)	Homo sapiens (Human)	649
O00400	ACATN_HUMAN	Acetyl-coenzyme A transporter 1 (AT-1) (Acetyl-CoA transporter 1) (Solute carrier family 33 member 1)	Homo sapiens (Human)	549
O00409	FOXN3_HUMAN	Forkhead box protein N3 (Checkpoint suppressor 1)	Homo sapiens (Human)	490
O00422	SAP18_HUMAN	Histone deacetylase complex subunit SAP18 (18 kDa Sin3-associated polypeptide) (2HOR0202) (Cell growth-inhibiting gene 38 protein) (Sin3-associated polypeptide p18)	Homo sapiens (Human)	153
O00444	PLK4_HUMAN	Serine/threonine-protein kinase PLK4 (EC 2.7.11.21) (Polo-like kinase 4) (PLK-4) (Serine/threonine-protein kinase 18) (Serine/threonine-protein kinase Sak)	Homo sapiens (Human)	970
O00453	LST1_HUMAN	Leukocyte-specific transcript 1 protein (Protein B144)	Homo sapiens (Human)	97
O00462	MANBA_HUMAN	Beta-mannosidase (EC 3.2.1.25) (Lysosomal beta A mannosidase) (Mannanase) (Mannase)	Homo sapiens (Human)	879
O00478	BT3A3_HUMAN	Butyrophilin subfamily 3 member A3	Homo sapiens (Human)	584
O00487	PSDE_HUMAN	Ubiquitin C-terminal hydrolase PSMD14 (EC 3.4.19.12) (26S proteasome non-ATPase regulatory subunit 14) (26S proteasome regulatory subunit RPN11) (26S proteasome-associated PAD1 homolog 1)	Homo sapiens (Human)	310
O00505	IMA4_HUMAN	Importin subunit alpha-4 (Importin alpha Q2) (Qip2) (Karyopherin subunit alpha-3) (SRP1-gamma)	Homo sapiens (Human)	521
O00506	STK25_HUMAN	Serine/threonine-protein kinase 25 (EC 2.7.11.1) (Ste20-like kinase) (Sterile 20/oxidant stress-response kinase 1) (SOK-1) (Ste20/oxidant stress response kinase 1)	Homo sapiens (Human)	426
O00507	USP9Y_HUMAN	Ubiquitin carboxyl-terminal hydrolase 9Y (EC 3.4.19.12) (Deubiquitinating enzyme FAF-Y) (Fat facets protein-related, Y-linked) (Ubiquitin thioesterase FAF-Y) (Ubiquitin-specific protease 9, Y chromosome) (Ubiquitin-specific-processing protease FAF-Y)	Homo sapiens (Human)	2555
O00560	SDCB1_HUMAN	Syntenin-1 (Melanoma differentiation-associated protein 9) (MDA-9) (Pro-TGF-alpha cytoplasmic domain-interacting protein 18) (TACIP18) (Scaffold protein Pbp1) (Syndecan-binding protein 1)	Homo sapiens (Human)	298
O00591	GBRP_HUMAN	Gamma-aminobutyric acid receptor subunit pi (GABA(A) receptor subunit pi) (GABAAR subunit pi)	Homo sapiens (Human)	440
O00622	CCN1_HUMAN	CCN family member 1 (Cellular communication network factor 1) (Cysteine-rich angiogenic inducer 61) (Insulin-like growth factor-binding protein 10) (IBP-10) (IGF-binding protein 10) (IGFBP-10) (Protein CYR61) (Protein GIG1)	Homo sapiens (Human)	381
O00624	NPT3_HUMAN	Sodium-dependent phosphate transport protein 3 (Na(+)/PI cotransporter 3) (Sodium/phosphate cotransporter 3) (Solute carrier family 17 member 2)	Homo sapiens (Human)	439
O00635	TRI38_HUMAN	E3 ubiquitin-protein ligase TRIM38 (EC 2.3.2.27) (RING finger protein 15) (Tripartite motif-containing protein 38) (Zinc finger protein RoRet)	Homo sapiens (Human)	465
O00712	NFIB_HUMAN	Nuclear factor 1 B-type (NF1-B) (Nuclear factor 1/B) (CCAAT-box-binding transcription factor) (CTF) (Nuclear factor I/B) (NF-I/B) (NFI-B) (TGGCA-binding protein)	Homo sapiens (Human)	420
O00746	NDKD_HUMAN	Nucleoside diphosphate kinase D, mitochondrial (NDPK-D) (EC 2.7.4.6) (Nucleoside diphosphate kinase 4) (NDK4) (nm23-H4)	Homo sapiens (Human)	187
O00748	EST2_HUMAN	Cocaine esterase (EC 3.1.1.84) (Carboxylesterase 2) (CE-2) (hCE-2) (EC 3.1.1.1) (Methylumbelliferyl-acetate deacetylase 2) (EC 3.1.1.56)	Homo sapiens (Human)	559
O00762	UBE2C_HUMAN	Ubiquitin-conjugating enzyme E2 C (EC 2.3.2.23) ((E3-independent) E2 ubiquitin-conjugating enzyme C) (EC 2.3.2.24) (E2 ubiquitin-conjugating enzyme C) (UbcH10) (Ubiquitin carrier protein C) (Ubiquitin-protein ligase C)	Homo sapiens (Human)	179
O14497	ARI1A_HUMAN	AT-rich interactive domain-containing protein 1A (ARID domain-containing protein 1A) (B120) (BRG1-associated factor 250) (BAF250) (BRG1-associated factor 250a) (BAF250A) (Osa homolog 1) (hOSA1) (SWI-like protein) (SWI/SNF complex protein p270) (SWI/SNF-related, matrix-associated, actin-dependent regulator of chromatin subfamily F member 1) (hELD)	Homo sapiens (Human)	2285
O14503	BHE40_HUMAN	Class E basic helix-loop-helix protein 40 (bHLHe40) (Class B basic helix-loop-helix protein 2) (bHLHb2) (Differentially expressed in chondrocytes protein 1) (DEC1) (Enhancer-of-split and hairy-related protein 2) (SHARP-2) (Stimulated by retinoic acid gene 13 protein)	Homo sapiens (Human)	412
O14508	SOCS2_HUMAN	Suppressor of cytokine signaling 2 (SOCS-2) (Cytokine-inducible SH2 protein 2) (CIS-2) (STAT-induced STAT inhibitor 2) (SSI-2)	Homo sapiens (Human)	198
O14519	CDKA1_HUMAN	Cyclin-dependent kinase 2-associated protein 1 (CDK2-associated protein 1) (Deleted in oral cancer 1) (DOC-1) (Putative oral cancer suppressor)	Homo sapiens (Human)	115
O14524	NEMP1_HUMAN	Nuclear envelope integral membrane protein 1	Homo sapiens (Human)	444
O14548	CO72L_HUMAN	Cytochrome c oxidase subunit 7A2-like, mitochondrial (Cytochrome c oxidase subunit 7A-related protein) (COX7a-related protein) (Cytochrome c oxidase subunit VIIa-related protein) (EB1) (Supercomplex assembly factor 1)	Homo sapiens (Human)	114
O14561	ACPM_HUMAN	Acyl carrier protein, mitochondrial (ACP) (CI-SDAP) (NADH-ubiquinone oxidoreductase 9.6 kDa subunit)	Homo sapiens (Human)	156
O14613	BORG1_HUMAN	Cdc42 effector protein 2 (Binder of Rho GTPases 1)	Homo sapiens (Human)	210
O14618	CCS_HUMAN	Copper chaperone for superoxide dismutase (Superoxide dismutase copper chaperone)	Homo sapiens (Human)	274
O14628	ZN195_HUMAN	Zinc finger protein 195	Homo sapiens (Human)	629
O14638	ENPP3_HUMAN	Ectonucleotide pyrophosphatase/phosphodiesterase family member 3 (E-NPP 3) (NPP3) (Alkaline phosphodiesterase I) (EC 3.1.4.1) (Dinucleoside polyphosphatase) (EC 3.6.1.-) (Nucleotide diphosphatase) (Nucleotide pyrophosphatase) (NPPase) (EC 3.6.1.9) (Phosphodiesterase I beta) (PD-Ibeta) (Phosphodiesterase I/nucleotide pyrophosphatase 3) (CD antigen CD203c)	Homo sapiens (Human)	875
O14640	DVL1_HUMAN	Segment polarity protein dishevelled homolog DVL-1 (Dishevelled-1) (DSH homolog 1)	Homo sapiens (Human)	695
O14654	IRS4_HUMAN	Insulin receptor substrate 4 (IRS-4) (160 kDa phosphotyrosine protein) (py160) (Phosphoprotein of 160 kDa) (pp160)	Homo sapiens (Human)	1257
O14657	TOR1B_HUMAN	Torsin-1B (Torsin ATPase-1B) (EC 3.6.4.-) (Torsin family 1 member B)	Homo sapiens (Human)	336
O14744	ANM5_HUMAN	Protein arginine N-methyltransferase 5 (PRMT5) (EC 2.1.1.320) (72 kDa ICln-binding protein) (Histone-arginine N-methyltransferase PRMT5) (Jak-binding protein 1) (Shk1 kinase-binding protein 1 homolog) (SKB1 homolog) (SKB1Hs) [Cleaved into: Protein arginine N-methyltransferase 5, N-terminally processed]	Homo sapiens (Human)	637
O14756	H17B6_HUMAN	17-beta-hydroxysteroid dehydrogenase type 6 (17-beta-HSD 6) (17-beta-HSD6) (EC 1.1.1.105) (EC 1.1.1.209) (EC 1.1.1.239) (EC 1.1.1.53) (EC 1.1.1.62) (3-alpha->beta-hydroxysteroid epimerase) (3-alpha->beta-HSE) (Oxidative 3-alpha hydroxysteroid dehydrogenase) (Short chain dehydrogenase/reductase family 9C member 6)	Homo sapiens (Human)	317
O14757	CHK1_HUMAN	Serine/threonine-protein kinase Chk1 (EC 2.7.11.1) (CHK1 checkpoint homolog) (Cell cycle checkpoint kinase) (Checkpoint kinase-1)	Homo sapiens (Human)	476
O14763	TR10B_HUMAN	Tumor necrosis factor receptor superfamily member 10B (Death receptor 5) (TNF-related apoptosis-inducing ligand receptor 2) (TRAIL receptor 2) (TRAIL-R2) (CD antigen CD262)	Homo sapiens (Human)	440
O14788	TNF11_HUMAN	Tumor necrosis factor ligand superfamily member 11 (Osteoclast differentiation factor) (ODF) (Osteoprotegerin ligand) (OPGL) (Receptor activator of nuclear factor kappa-B ligand) (RANKL) (TNF-related activation-induced cytokine) (TRANCE) (CD antigen CD254) [Cleaved into: Tumor necrosis factor ligand superfamily member 11, membrane form; Tumor necrosis factor ligand superfamily member 11, soluble form]	Homo sapiens (Human)	317
O14804	TAAR5_HUMAN	Trace amine-associated receptor 5 (TaR-5) (Trace amine receptor 5) (hTaar5) (Putative neurotransmitter receptor)	Homo sapiens (Human)	337
O14813	PHX2A_HUMAN	Paired mesoderm homeobox protein 2A (ARIX1 homeodomain protein) (Aristaless homeobox protein homolog) (Paired-like homeobox 2A)	Homo sapiens (Human)	284
O14843	FFAR3_HUMAN	Free fatty acid receptor 3 (G-protein coupled receptor 41)	Homo sapiens (Human)	346
O14907	TX1B3_HUMAN	Tax1-binding protein 3 (Glutaminase-interacting protein 3) (Tax interaction protein 1) (TIP-1) (Tax-interacting protein 1)	Homo sapiens (Human)	124
O14908	GIPC1_HUMAN	PDZ domain-containing protein GIPC1 (GAIP C-terminus-interacting protein) (RGS-GAIP-interacting protein) (RGS19-interacting protein 1) (Synectin) (Tax interaction protein 2) (TIP-2)	Homo sapiens (Human)	333
O14910	LIN7A_HUMAN	Protein lin-7 homolog A (Lin-7A) (hLin-7) (Mammalian lin-seven protein 1) (MALS-1) (Tax interaction protein 33) (TIP-33) (Vertebrate lin-7 homolog 1) (Veli-1)	Homo sapiens (Human)	233
O14925	TIM23_HUMAN	Mitochondrial import inner membrane translocase subunit Tim23	Homo sapiens (Human)	209
O14926	FSCN2_HUMAN	Fascin-2 (Retinal fascin)	Homo sapiens (Human)	492
O14933	UB2L6_HUMAN	Ubiquitin/ISG15-conjugating enzyme E2 L6 (EC 2.3.2.23) (E2 ubiquitin-conjugating enzyme L6) (Retinoic acid-induced gene B protein) (RIG-B) (UbcH8) (Ubiquitin carrier protein L6) (Ubiquitin-protein ligase L6)	Homo sapiens (Human)	153
O14939	PLD2_HUMAN	Phospholipase D2 (PLD 2) (hPLD2) (EC 3.1.4.4) (Choline phosphatase 2) (PLD1C) (Phosphatidylcholine-hydrolyzing phospholipase D2)	Homo sapiens (Human)	933
O14949	QCR8_HUMAN	Cytochrome b-c1 complex subunit 8 (Complex III subunit 8) (Complex III subunit VIII) (Ubiquinol-cytochrome c reductase complex 9.5 kDa protein) (Ubiquinol-cytochrome c reductase complex ubiquinone-binding protein QP-C)	Homo sapiens (Human)	82
O14957	QCR10_HUMAN	Cytochrome b-c1 complex subunit 10 (Complex III subunit 10) (Complex III subunit XI) (Ubiquinol-cytochrome c reductase complex 6.4 kDa protein)	Homo sapiens (Human)	56
O14958	CASQ2_HUMAN	Calsequestrin-2 (Calsequestrin, cardiac muscle isoform)	Homo sapiens (Human)	399
O14960	LECT2_HUMAN	Leukocyte cell-derived chemotaxin-2 (LECT-2) (hLECT2)	Homo sapiens (Human)	151
O14967	CLGN_HUMAN	Calmegin	Homo sapiens (Human)	610
O14975	S27A2_HUMAN	Long-chain fatty acid transport protein 2 (Arachidonate--CoA ligase) (EC 6.2.1.15) (Fatty acid transport protein 2) (FATP-2) (Fatty-acid-coenzyme A ligase, very long-chain 1) (Long-chain-fatty-acid--CoA ligase) (EC 6.2.1.3) (Phytanate--CoA ligase) (EC 6.2.1.24) (Solute carrier family 27 member 2) (THCA-CoA ligase) (EC 6.2.1.7) (Very long-chain acyl-CoA synthetase) (VLACS) (VLCS) (EC 6.2.1.-) (Very long-chain-fatty-acid-CoA ligase)	Homo sapiens (Human)	620
O14979	HNRDL_HUMAN	Heterogeneous nuclear ribonucleoprotein D-like (hnRNP D-like) (hnRNP DL) (AU-rich element RNA-binding factor) (JKT41-binding protein) (Protein laAUF1)	Homo sapiens (Human)	420
O14994	SYN3_HUMAN	Synapsin-3 (Synapsin III)	Homo sapiens (Human)	580
O15067	PUR4_HUMAN	Phosphoribosylformylglycinamidine synthase (FGAM synthase) (FGAMS) (EC 6.3.5.3) (Formylglycinamide ribonucleotide amidotransferase) (FGAR amidotransferase) (FGAR-AT) (Formylglycinamide ribotide amidotransferase) (Phosphoribosylformylglycineamide amidotransferase)	Homo sapiens (Human)	1338
O15078	CE290_HUMAN	Centrosomal protein of 290 kDa (Cep290) (Bardet-Biedl syndrome 14 protein) (Cancer/testis antigen 87) (CT87) (Nephrocystin-6) (Tumor antigen se2-2)	Homo sapiens (Human)	2479
O15111	IKKA_HUMAN	Inhibitor of nuclear factor kappa-B kinase subunit alpha (I-kappa-B kinase alpha) (IKK-A) (IKK-alpha) (IkBKA) (IkappaB kinase) (EC 2.7.11.10) (Conserved helix-loop-helix ubiquitous kinase) (I-kappa-B kinase 1) (IKK-1) (IKK1) (Nuclear factor NF-kappa-B inhibitor kinase alpha) (NFKBIKA) (Transcription factor 16) (TCF-16)	Homo sapiens (Human)	745
O15116	LSM1_HUMAN	U6 snRNA-associated Sm-like protein LSm1 (Cancer-associated Sm-like) (Small nuclear ribonuclear CaSm)	Homo sapiens (Human)	133
O15119	TBX3_HUMAN	T-box transcription factor TBX3 (T-box protein 3)	Homo sapiens (Human)	743
O15120	PLCB_HUMAN	1-acyl-sn-glycerol-3-phosphate acyltransferase beta (EC 2.3.1.51) (1-acylglycerol-3-phosphate O-acyltransferase 2) (1-AGP acyltransferase 2) (1-AGPAT 2) (Lysophosphatidic acid acyltransferase beta) (LPAAT-beta)	Homo sapiens (Human)	278
O15127	SCAM2_HUMAN	Secretory carrier-associated membrane protein 2 (Secretory carrier membrane protein 2)	Homo sapiens (Human)	329
O15156	ZBT7B_HUMAN	Zinc finger and BTB domain-containing protein 7B (Krueppel-related zinc finger protein cKrox) (hcKrox) (T-helper-inducing POZ/Krueppel-like factor) (Zinc finger and BTB domain-containing protein 15) (Zinc finger protein 67 homolog) (Zfp-67) (Zinc finger protein 857B) (Zinc finger protein Th-POK)	Homo sapiens (Human)	539
O15162	PLS1_HUMAN	Phospholipid scramblase 1 (PL scramblase 1) (Ca(2+)-dependent phospholipid scramblase 1) (Erythrocyte phospholipid scramblase) (Mg(2+)-dependent nuclease) (EC 3.1.-.-) (MmTRA1b)	Homo sapiens (Human)	318
O15169	AXIN1_HUMAN	Axin-1 (Axis inhibition protein 1) (hAxin)	Homo sapiens (Human)	862
O15230	LAMA5_HUMAN	Laminin subunit alpha-5 (Laminin-10 subunit alpha) (Laminin-11 subunit alpha) (Laminin-15 subunit alpha)	Homo sapiens (Human)	3695
O15232	MATN3_HUMAN	Matrilin-3	Homo sapiens (Human)	486
O15245	S22A1_HUMAN	Solute carrier family 22 member 1 (Organic cation transporter 1) (hOCT1)	Homo sapiens (Human)	554
O15247	CLIC2_HUMAN	Chloride intracellular channel protein 2 (Glutaredoxin-like oxidoreductase CLIC2) (EC 1.8.-.-) (Glutaredoxin-like peroxidase CLIC2) (EC 1.11.1.-) (XAP121)	Homo sapiens (Human)	247
O15259	NPHP1_HUMAN	Nephrocystin-1 (Juvenile nephronophthisis 1 protein)	Homo sapiens (Human)	732
O15260	SURF4_HUMAN	Surfeit locus protein 4	Homo sapiens (Human)	269
O15263	DFB4A_HUMAN	Defensin beta 4A (Beta-defensin 2) (BD-2) (hBD-2) (Defensin, beta 2) (Skin-antimicrobial peptide 1) (SAP1)	Homo sapiens (Human)	64
O15265	ATX7_HUMAN	Ataxin-7 (Spinocerebellar ataxia type 7 protein)	Homo sapiens (Human)	892
O15266	SHOX_HUMAN	Short stature homeobox protein (Pseudoautosomal homeobox-containing osteogenic protein) (Short stature homeobox-containing protein)	Homo sapiens (Human)	292
O15269	SPTC1_HUMAN	Serine palmitoyltransferase 1 (EC 2.3.1.50) (Long chain base biosynthesis protein 1) (LCB 1) (Serine-palmitoyl-CoA transferase 1) (SPT 1) (SPT1)	Homo sapiens (Human)	473
O15297	PPM1D_HUMAN	Protein phosphatase 1D (EC 3.1.3.16) (Protein phosphatase 2C isoform delta) (PP2C-delta) (Protein phosphatase magnesium-dependent 1 delta) (p53-induced protein phosphatase 1)	Homo sapiens (Human)	605
O15318	RPC7_HUMAN	DNA-directed RNA polymerase III subunit RPC7 (RNA polymerase III subunit C7) (DNA-directed RNA polymerase III subunit G) (RNA polymerase III 32 kDa apha subunit) (RPC32-alpha) (RNA polymerase III 32 kDa subunit) (RPC32)	Homo sapiens (Human)	223
O15370	SOX12_HUMAN	Transcription factor SOX-12 (Protein SOX-22)	Homo sapiens (Human)	315
O15389	SIGL5_HUMAN	Sialic acid-binding Ig-like lectin 5 (Siglec-5) (CD33 antigen-like 2) (Obesity-binding protein 2) (OB-BP2) (OB-binding protein 2) (CD antigen CD170)	Homo sapiens (Human)	551
O15399	NMDE4_HUMAN	Glutamate receptor ionotropic, NMDA 2D (GluN2D) (EB11) (Glutamate [NMDA] receptor subunit epsilon-4) (N-methyl D-aspartate receptor subtype 2D) (NMDAR2D) (NR2D)	Homo sapiens (Human)	1336
O15400	STX7_HUMAN	Syntaxin-7	Homo sapiens (Human)	261
O15446	RPA34_HUMAN	DNA-directed RNA polymerase I subunit RPA34 (A34.5) (Antisense to ERCC-1 protein) (ASE-1) (CD3-epsilon-associated protein) (CD3E-associated protein) (DNA-directed RNA polymerase I subunit G) (RNA polymerase I-associated factor PAF49)	Homo sapiens (Human)	510
O15484	CAN5_HUMAN	Calpain-5 (EC 3.4.22.-) (Calpain htra-3) (New calpain 3) (nCL-3)	Homo sapiens (Human)	640
O15488	GLYG2_HUMAN	Glycogenin-2 (GN-2) (GN2) (EC 2.4.1.186)	Homo sapiens (Human)	501
O15511	ARPC5_HUMAN	Actin-related protein 2/3 complex subunit 5 (Arp2/3 complex 16 kDa subunit) (p16-ARC)	Homo sapiens (Human)	151
O15520	FGF10_HUMAN	Fibroblast growth factor 10 (FGF-10) (Keratinocyte growth factor 2)	Homo sapiens (Human)	208
O15533	TPSN_HUMAN	Tapasin (TPN) (TPSN) (NGS-17) (TAP-associated protein) (TAP-binding protein)	Homo sapiens (Human)	448
O15540	FABP7_HUMAN	Fatty acid-binding protein, brain (Brain lipid-binding protein) (BLBP) (Brain-type fatty acid-binding protein) (B-FABP) (Fatty acid-binding protein 7) (Mammary-derived growth inhibitor related)	Homo sapiens (Human)	132
O15541	R113A_HUMAN	E3 ubiquitin-protein ligase RNF113A (EC 2.3.2.27) (Cwc24 homolog) (RING finger protein 113A) (Zinc finger protein 183)	Homo sapiens (Human)	343
O15551	CLD3_HUMAN	Claudin-3 (Clostridium perfringens enterotoxin receptor 2) (CPE-R 2) (CPE-receptor 2) (Rat ventral prostate.1 protein homolog) (hRVP1)	Homo sapiens (Human)	220
O15554	KCNN4_HUMAN	Intermediate conductance calcium-activated potassium channel protein 4 (SKCa 4) (SKCa4) (hSK4) (Gardos channel) (IKCa1) (hIK1) (KCa3.1) (Putative Gardos channel) (hKCa4)	Homo sapiens (Human)	427
O42043	ENK18_HUMAN	Endogenous retrovirus group K member 18 Env polyprotein (Envelope polyprotein) (HERV-K(C1a) envelope protein) (HERV-K110 envelope protein) (HERV-K18 envelope protein) (HERV-K18 superantigen) (HERV-K_1q23.3 provirus ancestral Env polyprotein) (IDDMK1,2 22 envelope protein) (IDDMK1,2 22 superantigen) [Cleaved into: Surface protein (SU); Transmembrane protein (TM)]	Homo sapiens (Human)	560
O43143	DHX15_HUMAN	ATP-dependent RNA helicase DHX15 (EC 3.6.4.13) (ATP-dependent RNA helicase #46) (DEAH box protein 15) (Splicing factor Prp43) (hPrp43)	Homo sapiens (Human)	795
O43155	FLRT2_HUMAN	Leucine-rich repeat transmembrane protein FLRT2 (Fibronectin-like domain-containing leucine-rich transmembrane protein 2)	Homo sapiens (Human)	660
O43166	SI1L1_HUMAN	Signal-induced proliferation-associated 1-like protein 1 (SIPA1-like protein 1) (High-risk human papilloma viruses E6 oncoproteins targeted protein 1) (E6-targeted protein 1)	Homo sapiens (Human)	1804
O43172	PRP4_HUMAN	U4/U6 small nuclear ribonucleoprotein Prp4 (PRP4 homolog) (hPrp4) (U4/U6 snRNP 60 kDa protein) (WD splicing factor Prp4)	Homo sapiens (Human)	522
O43181	NDUS4_HUMAN	NADH dehydrogenase [ubiquinone] iron-sulfur protein 4, mitochondrial (Complex I-18 kDa) (CI-18 kDa) (Complex I-AQDQ) (CI-AQDQ) (NADH-ubiquinone oxidoreductase 18 kDa subunit)	Homo sapiens (Human)	175
O43196	MSH5_HUMAN	MutS protein homolog 5 (hMSH5)	Homo sapiens (Human)	834
O43237	DC1L2_HUMAN	Cytoplasmic dynein 1 light intermediate chain 2 (Dynein light intermediate chain 2, cytosolic) (LIC-2) (LIC53/55)	Homo sapiens (Human)	492
O43264	ZW10_HUMAN	Centromere/kinetochore protein zw10 homolog	Homo sapiens (Human)	779
O43294	TGFI1_HUMAN	Transforming growth factor beta-1-induced transcript 1 protein (Androgen receptor coactivator 55 kDa protein) (Androgen receptor-associated protein of 55 kDa) (Hydrogen peroxide-inducible clone 5 protein) (Hic-5)	Homo sapiens (Human)	461
O43310	CTIF_HUMAN	CBP80/20-dependent translation initiation factor	Homo sapiens (Human)	598
O43323	DHH_HUMAN	Desert hedgehog protein (DHH) (EC 3.1.-.-) (HHG-3) [Cleaved into: Desert hedgehog protein N-product (DHH-N)]	Homo sapiens (Human)	396
O43395	PRPF3_HUMAN	U4/U6 small nuclear ribonucleoprotein Prp3 (Pre-mRNA-splicing factor 3) (hPrp3) (U4/U6 snRNP 90 kDa protein)	Homo sapiens (Human)	683
O43439	MTG8R_HUMAN	Protein CBFA2T2 (ETO homologous on chromosome 20) (MTG8-like protein) (MTG8-related protein 1) (Myeloid translocation-related protein 1) (p85)	Homo sapiens (Human)	604
O43464	HTRA2_HUMAN	Serine protease HTRA2, mitochondrial (EC 3.4.21.108) (High temperature requirement protein A2) (HtrA2) (Omi stress-regulated endoprotease) (Serine protease 25) (Serine proteinase OMI)	Homo sapiens (Human)	458
O43474	KLF4_HUMAN	Krueppel-like factor 4 (Epithelial zinc finger protein EZF) (Gut-enriched krueppel-like factor)	Homo sapiens (Human)	513
O43521	B2L11_HUMAN	Bcl-2-like protein 11 (Bcl2-L-11) (Bcl2-interacting mediator of cell death)	Homo sapiens (Human)	198
O43525	KCNQ3_HUMAN	Potassium voltage-gated channel subfamily KQT member 3 (KQT-like 3) (Potassium channel subunit alpha KvLQT3) (Voltage-gated potassium channel subunit Kv7.3)	Homo sapiens (Human)	872
O43526	KCNQ2_HUMAN	Potassium voltage-gated channel subfamily KQT member 2 (KQT-like 2) (Neuroblastoma-specific potassium channel subunit alpha KvLQT2) (Voltage-gated potassium channel subunit Kv7.2)	Homo sapiens (Human)	872
O43529	CHSTA_HUMAN	Carbohydrate sulfotransferase 10 (EC 2.8.2.-) (HNK-1 sulfotransferase) (HNK-1ST) (HNK1ST) (HuHNK-1ST)	Homo sapiens (Human)	356
O43543	XRCC2_HUMAN	DNA repair protein XRCC2 (X-ray repair cross-complementing protein 2)	Homo sapiens (Human)	280
O43548	TGM5_HUMAN	Protein-glutamine gamma-glutamyltransferase 5 (EC 2.3.2.13) (Transglutaminase X) (TG(X)) (TGX) (TGase X) (Transglutaminase-5) (TGase-5)	Homo sapiens (Human)	720
O43556	SGCE_HUMAN	Epsilon-sarcoglycan (Epsilon-SG)	Homo sapiens (Human)	437
O43566	RGS14_HUMAN	Regulator of G-protein signaling 14 (RGS14)	Homo sapiens (Human)	566
O43581	SYT7_HUMAN	Synaptotagmin-7 (IPCA-7) (Prostate cancer-associated protein 7) (Synaptotagmin VII) (SytVII)	Homo sapiens (Human)	403
O43593	HAIR_HUMAN	Lysine-specific demethylase hairless (EC 1.14.11.65) ([histone H3]-dimethyl-L-lysine(9) demethylase hairless)	Homo sapiens (Human)	1189
O43598	DNPH1_HUMAN	5-hydroxymethyl-dUMP N-hydrolase (EC 3.2.2.-) (2'-deoxynucleoside 5'-phosphate N-hydrolase 1) (c-Myc-responsive protein RCL)	Homo sapiens (Human)	174
O43603	GALR2_HUMAN	Galanin receptor type 2 (GAL2-R) (GALR-2)	Homo sapiens (Human)	387
O43609	SPY1_HUMAN	Protein sprouty homolog 1 (Spry-1)	Homo sapiens (Human)	319
O43715	TRIA1_HUMAN	TP53-regulated inhibitor of apoptosis 1 (Protein 15E1.1) (WF-1) (p53-inducible cell-survival factor) (p53CSV)	Homo sapiens (Human)	76
O43719	HTSF1_HUMAN	17S U2 SnRNP complex component HTATSF1 (HIV Tat-specific factor 1) (Tat-SF1)	Homo sapiens (Human)	755
O43761	SNG3_HUMAN	Synaptogyrin-3	Homo sapiens (Human)	229
O43763	TLX2_HUMAN	T-cell leukemia homeobox protein 2 (Homeobox protein Hox-11L1) (Neural crest homeobox protein)	Homo sapiens (Human)	284
O43808	PM34_HUMAN	Peroxisomal membrane protein PMP34 (34 kDa peroxisomal membrane protein) (Solute carrier family 25 member 17)	Homo sapiens (Human)	307
O43818	U3IP2_HUMAN	U3 small nucleolar RNA-interacting protein 2 (RRP9 homolog) (U3 small nucleolar ribonucleoprotein-associated 55 kDa protein) (U3 snoRNP-associated 55 kDa protein) (U3-55K)	Homo sapiens (Human)	475
O43823	AKAP8_HUMAN	A-kinase anchor protein 8 (AKAP-8) (A-kinase anchor protein 95 kDa) (AKAP 95)	Homo sapiens (Human)	692
O43825	B3GT2_HUMAN	Beta-1,3-galactosyltransferase 2 (Beta-1,3-GalTase 2) (Beta3Gal-T2) (Beta3GalT2) (EC 2.4.1.86) (UDP-galactose:2-acetamido-2-deoxy-D-glucose 3beta-galactosyltransferase 2)	Homo sapiens (Human)	422
O43826	G6PT1_HUMAN	Glucose-6-phosphate exchanger SLC37A4 (Glucose-5-phosphate transporter) (Glucose-6-phosphate translocase) (Solute carrier family 37 member 4) (Transformation-related gene 19 protein) (TRG-19)	Homo sapiens (Human)	429
O43827	ANGL7_HUMAN	Angiopoietin-related protein 7 (Angiopoietin-like factor) (Angiopoietin-like protein 7) (Cornea-derived transcript 6 protein)	Homo sapiens (Human)	346
O43854	EDIL3_HUMAN	EGF-like repeat and discoidin I-like domain-containing protein 3 (Developmentally-regulated endothelial cell locus 1 protein) (Integrin-binding protein DEL1)	Homo sapiens (Human)	480
O43865	SAHH2_HUMAN	S-adenosylhomocysteine hydrolase-like protein 1 (DC-expressed AHCY-like molecule) (IP(3)Rs binding protein released with IP(3)) (IRBIT) (Putative adenosylhomocysteinase 2) (S-adenosyl-L-homocysteine hydrolase 2) (AdoHcyase 2)	Homo sapiens (Human)	530
O43866	CD5L_HUMAN	CD5 antigen-like (Apoptosis inhibitor expressed by macrophages) (hAIM) (CT-2) (IgM-associated peptide) (SP-alpha)	Homo sapiens (Human)	347
O43868	S28A2_HUMAN	Sodium/nucleoside cotransporter 2 (Concentrative nucleoside transporter 2) (CNT 2) (hCNT2) (Na(+)/nucleoside cotransporter 2) (Sodium-coupled nucleoside transporter 2) (Sodium/purine nucleoside co-transporter) (SPNT) (Solute carrier family 28 member 2)	Homo sapiens (Human)	658
O43897	TLL1_HUMAN	Tolloid-like protein 1 (EC 3.4.24.-)	Homo sapiens (Human)	1013
O43903	GAS2_HUMAN	Growth arrest-specific protein 2 (GAS-2)	Homo sapiens (Human)	313
O43913	ORC5_HUMAN	Origin recognition complex subunit 5	Homo sapiens (Human)	435
O43914	TYOBP_HUMAN	TYRO protein tyrosine kinase-binding protein (DNAX-activation protein 12) (Killer-activating receptor-associated protein) (KAR-associated protein)	Homo sapiens (Human)	113
O60235	TM11D_HUMAN	Transmembrane protease serine 11D (EC 3.4.21.-) (Airway trypsin-like protease) [Cleaved into: Transmembrane protease serine 11D non-catalytic chain; Transmembrane protease serine 11D catalytic chain]	Homo sapiens (Human)	418
O60264	SMCA5_HUMAN	SWI/SNF-related matrix-associated actin-dependent regulator of chromatin subfamily A member 5 (SMARCA5) (SWI/SNF-related matrix-associated actin-dependent regulator of chromatin A5) (EC 3.6.4.-) (Sucrose nonfermenting protein 2 homolog) (hSNF2H)	Homo sapiens (Human)	1052
O60266	ADCY3_HUMAN	Adenylate cyclase type 3 (EC 4.6.1.1) (ATP pyrophosphate-lyase 3) (Adenylate cyclase type III) (AC-III) (Adenylate cyclase, olfactive type) (Adenylyl cyclase 3) (AC3)	Homo sapiens (Human)	1144
O60281	ZN292_HUMAN	Zinc finger protein 292	Homo sapiens (Human)	2723
O60284	ST18_HUMAN	Suppression of tumorigenicity 18 protein (Zinc finger protein 387)	Homo sapiens (Human)	1047
O60307	MAST3_HUMAN	Microtubule-associated serine/threonine-protein kinase 3 (EC 2.7.11.1)	Homo sapiens (Human)	1309
O60315	ZEB2_HUMAN	Zinc finger E-box-binding homeobox 2 (Smad-interacting protein 1) (SMADIP1) (Zinc finger homeobox protein 1b)	Homo sapiens (Human)	1214
O60381	HBP1_HUMAN	HMG box-containing protein 1 (HMG box transcription factor 1) (High mobility group box transcription factor 1)	Homo sapiens (Human)	514
O60393	NOBOX_HUMAN	Homeobox protein NOBOX	Homo sapiens (Human)	691
O60449	LY75_HUMAN	Lymphocyte antigen 75 (Ly-75) (C-type lectin domain family 13 member B) (DEC-205) (gp200-MR6) (CD antigen CD205)	Homo sapiens (Human)	1722
O60469	DSCAM_HUMAN	Cell adhesion molecule DSCAM (CHD2) (Down syndrome cell adhesion molecule)	Homo sapiens (Human)	2012
O60481	ZIC3_HUMAN	Zinc finger protein ZIC 3 (Zinc finger protein 203) (Zinc finger protein of the cerebellum 3)	Homo sapiens (Human)	467
O60502	OGA_HUMAN	Protein O-GlcNAcase (OGA) (EC 3.2.1.169) (Beta-N-acetylglucosaminidase) (Beta-N-acetylhexosaminidase) (Beta-hexosaminidase) (Meningioma-expressed antigen 5) (N-acetyl-beta-D-glucosaminidase) (N-acetyl-beta-glucosaminidase) (Nuclear cytoplasmic O-GlcNAcase and acetyltransferase) (NCOAT)	Homo sapiens (Human)	916
O60519	CRBL2_HUMAN	cAMP-responsive element-binding protein-like 2	Homo sapiens (Human)	120
O60548	FOXD2_HUMAN	Forkhead box protein D2 (Forkhead-related protein FKHL17) (Forkhead-related transcription factor 9) (FREAC-9)	Homo sapiens (Human)	495
O60568	PLOD3_HUMAN	Multifunctional procollagen lysine hydroxylase and glycosyltransferase LH3 [Includes: Procollagen-lysine,2-oxoglutarate 5-dioxygenase 3 (EC 1.14.11.4) (Lysyl hydroxylase 3) (LH3); Procollagen glycosyltransferase (EC 2.4.1.50) (EC 2.4.1.66) (Galactosylhydroxylysine-glucosyltransferase) (Procollagen galactosyltransferase) (Procollagen glucosyltransferase)]	Homo sapiens (Human)	738
O60635	TSN1_HUMAN	Tetraspanin-1 (Tspan-1) (Tetraspan NET-1) (Tetraspanin TM4-C)	Homo sapiens (Human)	241
O60636	TSN2_HUMAN	Tetraspanin-2 (Tspan-2) (Tetraspan NET-3)	Homo sapiens (Human)	221
O60667	FCMR_HUMAN	Immunoglobulin mu Fc receptor (IgM FcR) (Fas apoptotic inhibitory molecule 3) (FAIM3) (Regulator of Fas-induced apoptosis Toso)	Homo sapiens (Human)	390
O60678	ANM3_HUMAN	Protein arginine N-methyltransferase 3 (EC 2.1.1.319) (Heterogeneous nuclear ribonucleoprotein methyltransferase-like protein 3)	Homo sapiens (Human)	531
O60682	MUSC_HUMAN	Musculin (Activated B-cell factor 1) (ABF-1) (Class A basic helix-loop-helix protein 22) (bHLHa22)	Homo sapiens (Human)	206
O60687	SRPX2_HUMAN	Sushi repeat-containing protein SRPX2 (Sushi-repeat protein upregulated in leukemia)	Homo sapiens (Human)	465
O60706	ABCC9_HUMAN	ATP-binding cassette sub-family C member 9 (Sulfonylurea receptor 2)	Homo sapiens (Human)	1549
O60729	CC14B_HUMAN	Dual specificity protein phosphatase CDC14B (EC 3.1.3.16) (EC 3.1.3.48) (CDC14 cell division cycle 14 homolog B)	Homo sapiens (Human)	498
O60741	HCN1_HUMAN	Potassium/sodium hyperpolarization-activated cyclic nucleotide-gated channel 1 (Brain cyclic nucleotide-gated channel 1) (BCNG-1)	Homo sapiens (Human)	890
O60759	CYTIP_HUMAN	Cytohesin-interacting protein (Cytohesin binder and regulator) (CYBR) (Cytohesin-associated scaffolding protein) (CASP) (Cytohesin-binding protein HE) (Cbp HE) (Pleckstrin homology Sec7 and coiled-coil domains-binding protein)	Homo sapiens (Human)	359
O60784	TOM1_HUMAN	Target of Myb1 membrane trafficking protein (Target of Myb protein 1)	Homo sapiens (Human)	492
O60814	H2B1K_HUMAN	Histone H2B type 1-K (H2B K) (HIRA-interacting protein 1)	Homo sapiens (Human)	126
O60831	PRAF2_HUMAN	PRA1 family protein 2	Homo sapiens (Human)	178
O60879	DIAP2_HUMAN	Protein diaphanous homolog 2 (Diaphanous-related formin-2) (DRF2)	Homo sapiens (Human)	1101
O60882	MMP20_HUMAN	Matrix metalloproteinase-20 (MMP-20) (EC 3.4.24.-) (Enamel metalloproteinase) (Enamelysin)	Homo sapiens (Human)	483
O60884	DNJA2_HUMAN	DnaJ homolog subfamily A member 2 (Cell cycle progression restoration gene 3 protein) (Dnj3) (Dj3) (HIRA-interacting protein 4) (Renal carcinoma antigen NY-REN-14)	Homo sapiens (Human)	412
O60909	B4GT2_HUMAN	Beta-1,4-galactosyltransferase 2 (Beta-1,4-GalTase 2) (Beta4Gal-T2) (b4Gal-T2) (EC 2.4.1.-) (Beta-N-acetylglucosaminyl-glycolipid beta-1,4-galactosyltransferase) (Beta-N-acetylglucosaminylglycopeptide beta-1,4-galactosyltransferase) (EC 2.4.1.38) (Lactose synthase A protein) (EC 2.4.1.22) (N-acetyllactosamine synthase) (EC 2.4.1.90) (Nal synthase) (UDP-Gal:beta-GlcNAc beta-1,4-galactosyltransferase 2) (UDP-galactose:beta-N-acetylglucosamine beta-1,4-galactosyltransferase 2)	Homo sapiens (Human)	372
O60921	HUS1_HUMAN	Checkpoint protein HUS1 (hHUS1)	Homo sapiens (Human)	280
O60930	RNH1_HUMAN	Ribonuclease H1 (RNase H1) (EC 3.1.26.4) (Ribonuclease H type II)	Homo sapiens (Human)	286
O60938	KERA_HUMAN	Keratocan (KTN) (Keratan sulfate proteoglycan keratocan)	Homo sapiens (Human)	352
O60939	SCN2B_HUMAN	Sodium channel regulatory subunit beta-2	Homo sapiens (Human)	215
O60941	DTNB_HUMAN	Dystrobrevin beta (DTN-B) (Beta-dystrobrevin)	Homo sapiens (Human)	627
O60942	MCE1_HUMAN	mRNA-capping enzyme (HCAP1) (HCE) [Includes: mRNA 5'-triphosphate monophosphatase (EC 3.6.1.74) (mRNA 5'-phosphatase); mRNA guanylyltransferase (EC 2.7.7.50) (GTP--RNA guanylyltransferase) (GTase)]	Homo sapiens (Human)	597
O75019	LIRA1_HUMAN	Leukocyte immunoglobulin-like receptor subfamily A member 1 (CD85 antigen-like family member I) (Leukocyte immunoglobulin-like receptor 6) (LIR-6) (CD antigen CD85i)	Homo sapiens (Human)	489
O75022	LIRB3_HUMAN	Leukocyte immunoglobulin-like receptor subfamily B member 3 (LIR-3) (Leukocyte immunoglobulin-like receptor 3) (CD85 antigen-like family member A) (Immunoglobulin-like transcript 5) (ILT-5) (Monocyte inhibitory receptor HL9) (CD antigen CD85a)	Homo sapiens (Human)	631
O75072	FKTN_HUMAN	Ribitol-5-phosphate transferase FKTN (EC 2.7.8.-) (Fukutin) (Fukuyama-type congenital muscular dystrophy protein) (Ribitol-5-phosphate transferase)	Homo sapiens (Human)	461
O75077	ADA23_HUMAN	Disintegrin and metalloproteinase domain-containing protein 23 (ADAM 23) (Metalloproteinase-like, disintegrin-like, and cysteine-rich protein 3) (MDC-3)	Homo sapiens (Human)	832
O75132	ZBED4_HUMAN	Zinc finger BED domain-containing protein 4	Homo sapiens (Human)	1171
O75151	PHF2_HUMAN	Lysine-specific demethylase PHF2 (EC 1.14.11.-) (GRC5) (PHD finger protein 2)	Homo sapiens (Human)	1096
O75159	SOCS5_HUMAN	Suppressor of cytokine signaling 5 (SOCS-5) (Cytokine-inducible SH2 protein 6) (CIS-6) (Cytokine-inducible SH2-containing protein 5)	Homo sapiens (Human)	536
O75175	CNOT3_HUMAN	CCR4-NOT transcription complex subunit 3 (CCR4-associated factor 3) (Leukocyte receptor cluster member 2)	Homo sapiens (Human)	753
O75177	CREST_HUMAN	Calcium-responsive transactivator (SS18-like protein 1) (SYT homolog 1)	Homo sapiens (Human)	396
O75190	DNJB6_HUMAN	DnaJ homolog subfamily B member 6 (HHDJ1) (Heat shock protein J2) (HSJ-2) (MRJ) (MSJ-1)	Homo sapiens (Human)	326
O75191	XYLB_HUMAN	Xylulose kinase (Xylulokinase) (EC 2.7.1.17)	Homo sapiens (Human)	536
O75309	CAD16_HUMAN	Cadherin-16 (Kidney-specific cadherin) (Ksp-cadherin)	Homo sapiens (Human)	829
O75319	DUS11_HUMAN	RNA/RNP complex-1-interacting phosphatase (EC 3.1.3.-) (Dual specificity protein phosphatase 11) (Phosphatase that interacts with RNA/RNP complex 1)	Homo sapiens (Human)	330
O75334	LIPA2_HUMAN	Liprin-alpha-2 (Protein tyrosine phosphatase receptor type f polypeptide-interacting protein alpha-2) (PTPRF-interacting protein alpha-2)	Homo sapiens (Human)	1257
O75339	CILP1_HUMAN	Cartilage intermediate layer protein 1 (CILP-1) (Cartilage intermediate-layer protein) [Cleaved into: Cartilage intermediate layer protein 1 C1; Cartilage intermediate layer protein 1 C2]	Homo sapiens (Human)	1184
O75344	FKBP6_HUMAN	Inactive peptidyl-prolyl cis-trans isomerase FKBP6 (Inactive PPIase FKBP6) (36 kDa FK506-binding protein) (36 kDa FKBP) (FKBP-36) (FK506-binding protein 6) (FKBP-6) (Immunophilin FKBP36)	Homo sapiens (Human)	327
O75365	TP4A3_HUMAN	Protein tyrosine phosphatase type IVA 3 (EC 3.1.3.48) (PRL-R) (Protein-tyrosine phosphatase 4a3) (Protein-tyrosine phosphatase of regenerating liver 3) (PRL-3)	Homo sapiens (Human)	173
O75367	H2AY_HUMAN	Core histone macro-H2A.1 (Histone macroH2A1) (mH2A1) (Histone H2A.y) (H2A/y) (Medulloblastoma antigen MU-MB-50.205)	Homo sapiens (Human)	369
O75369	FLNB_HUMAN	Filamin-B (FLN-B) (ABP-278) (ABP-280 homolog) (Actin-binding-like protein) (Beta-filamin) (Filamin homolog 1) (Fh1) (Filamin-3) (Thyroid autoantigen) (Truncated actin-binding protein) (Truncated ABP)	Homo sapiens (Human)	2602
O75376	NCOR1_HUMAN	Nuclear receptor corepressor 1 (N-CoR) (N-CoR1)	Homo sapiens (Human)	2440
O75379	VAMP4_HUMAN	Vesicle-associated membrane protein 4 (VAMP-4)	Homo sapiens (Human)	141
O75390	CISY_HUMAN	Citrate synthase, mitochondrial (EC 2.3.3.1) (Citrate (Si)-synthase)	Homo sapiens (Human)	466
O75396	SC22B_HUMAN	Vesicle-trafficking protein SEC22b (ER-Golgi SNARE of 24 kDa) (ERS-24) (ERS24) (SEC22 vesicle-trafficking protein homolog B) (SEC22 vesicle-trafficking protein-like 1)	Homo sapiens (Human)	215
O75438	NDUB1_HUMAN	NADH dehydrogenase [ubiquinone] 1 beta subcomplex subunit 1 (Complex I-MNLL) (CI-MNLL) (NADH-ubiquinone oxidoreductase MNLL subunit)	Homo sapiens (Human)	58
O75443	TECTA_HUMAN	Alpha-tectorin	Homo sapiens (Human)	2155
O75449	KTNA1_HUMAN	Katanin p60 ATPase-containing subunit A1 (Katanin p60 subunit A1) (EC 5.6.1.1) (p60 katanin)	Homo sapiens (Human)	491
O75469	NR1I2_HUMAN	Nuclear receptor subfamily 1 group I member 2 (Orphan nuclear receptor PAR1) (Orphan nuclear receptor PXR) (Pregnane X receptor) (Steroid and xenobiotic receptor) (SXR)	Homo sapiens (Human)	434
O75475	PSIP1_HUMAN	PC4 and SFRS1-interacting protein (CLL-associated antigen KW-7) (Dense fine speckles 70 kDa protein) (DFS 70) (Lens epithelium-derived growth factor) (Transcriptional coactivator p75/p52)	Homo sapiens (Human)	530
O75486	SUPT3_HUMAN	Transcription initiation protein SPT3 homolog (SPT3-like protein)	Homo sapiens (Human)	317
O75503	CLN5_HUMAN	Bis(monoacylglycero)phosphate synthase CLN5 (BMP synthase CLN5) (EC 2.3.1.-) (Ceroid-lipofuscinosis neuronal protein 5) (Protein CLN5) (Palmitoyl protein thioesterase CLN5) (EC 3.1.2.22) (S-depalmitoylase CLN5) [Cleaved into: Bis(monoacylglycero)phosphate synthase CLN5, secreted form]	Homo sapiens (Human)	358
O75554	WBP4_HUMAN	WW domain-binding protein 4 (WBP-4) (Formin-binding protein 21) (WW domain-containing-binding protein 4)	Homo sapiens (Human)	376
O75558	STX11_HUMAN	Syntaxin-11	Homo sapiens (Human)	287
O75564	JERKY_HUMAN	Jerky protein homolog	Homo sapiens (Human)	556
O75594	PGRP1_HUMAN	Peptidoglycan recognition protein 1 (Peptidoglycan recognition protein short) (PGRP-S)	Homo sapiens (Human)	196
O75610	LFTY1_HUMAN	Left-right determination factor 1 (Left-right determination factor B) (Protein lefty-1) (Protein lefty-B)	Homo sapiens (Human)	366
O75618	DEDD_HUMAN	Death effector domain-containing protein (DEDPro1) (Death effector domain-containing testicular molecule) (FLDED-1)	Homo sapiens (Human)	318
O75628	REM1_HUMAN	GTP-binding protein REM 1 (GTPase-regulating endothelial cell sprouting) (Rad and Gem-like GTP-binding protein 1)	Homo sapiens (Human)	298
O75629	CREG1_HUMAN	Protein CREG1 (Cellular repressor of E1A-stimulated genes 1)	Homo sapiens (Human)	220
O75638	CTAG2_HUMAN	Cancer/testis antigen 2 (CT2) (Autoimmunogenic cancer/testis antigen NY-ESO-2) (Cancer/testis antigen 6.2) (CT6.2) (L antigen family member 1) (LAGE-1)	Homo sapiens (Human)	210
O75648	MTU1_HUMAN	Mitochondrial tRNA-specific 2-thiouridylase 1 (EC 2.8.1.14) (MTO2 homolog)	Homo sapiens (Human)	421
O75674	TM1L1_HUMAN	TOM1-like protein 1 (Src-activating and signaling molecule protein) (Target of Myb-like protein 1)	Homo sapiens (Human)	476
O75679	RFPL3_HUMAN	Ret finger protein-like 3	Homo sapiens (Human)	317
O75683	SURF6_HUMAN	Surfeit locus protein 6	Homo sapiens (Human)	361
O75752	B3GL1_HUMAN	UDP-GalNAc:beta-1,3-N-acetylgalactosaminyltransferase 1 (Beta-1,3-GalNAc-T1) (EC 2.4.1.79) (Beta-1,3-galactosyltransferase 3) (Beta-1,3-GalTase 3) (Beta3Gal-T3) (Beta3GalT3) (b3Gal-T3) (Beta-3-Gx-T3) (Galactosylgalactosylglucosylceramide beta-D-acetyl-galactosaminyltransferase) (Globoside synthase) (UDP-N-acetylgalactosamine:globotriaosylceramide beta-1,3-N-acetylgalactosaminyltransferase)	Homo sapiens (Human)	331
O75762	TRPA1_HUMAN	Transient receptor potential cation channel subfamily A member 1 (Ankyrin-like with transmembrane domains protein 1) (Transformation-sensitive protein p120) (p120) (Wasabi receptor)	Homo sapiens (Human)	1119
O75781	PALM_HUMAN	Paralemmin-1 (Paralemmin)	Homo sapiens (Human)	387
O75807	PR15A_HUMAN	Protein phosphatase 1 regulatory subunit 15A (Growth arrest and DNA damage-inducible protein GADD34) (Myeloid differentiation primary response protein MyD116 homolog)	Homo sapiens (Human)	674
O75815	BCAR3_HUMAN	Breast cancer anti-estrogen resistance protein 3 (Novel SH2-containing protein 2) (SH2 domain-containing protein 3B)	Homo sapiens (Human)	825
O75821	EIF3G_HUMAN	Eukaryotic translation initiation factor 3 subunit G (eIF3g) (Eukaryotic translation initiation factor 3 RNA-binding subunit) (eIF-3 RNA-binding subunit) (Eukaryotic translation initiation factor 3 subunit 4) (eIF-3-delta) (eIF3 p42) (eIF3 p44)	Homo sapiens (Human)	320
O75828	CBR3_HUMAN	Carbonyl reductase [NADPH] 3 (EC 1.1.1.184) (NADPH-dependent carbonyl reductase 3) (Quinone reductase CBR3) (EC 1.6.5.10) (Short chain dehydrogenase/reductase family 21C member 2)	Homo sapiens (Human)	277
O75838	CIB2_HUMAN	Calcium and integrin-binding family member 2 (Kinase-interacting protein 2) (KIP 2)	Homo sapiens (Human)	187
O75864	PPR37_HUMAN	Protein phosphatase 1 regulatory subunit 37 (Leucine-rich repeat-containing protein 68)	Homo sapiens (Human)	691
O75879	GATB_HUMAN	Glutamyl-tRNA(Gln) amidotransferase subunit B, mitochondrial (Glu-AdT subunit B) (EC 6.3.5.-) (Cytochrome c oxidase assembly factor PET112 homolog)	Homo sapiens (Human)	557
O75882	ATRN_HUMAN	Attractin (DPPT-L) (Mahogany homolog)	Homo sapiens (Human)	1429
O75884	RBBP9_HUMAN	Serine hydrolase RBBP9 (EC 3.1.-.-) (B5T-overexpressed gene protein) (Protein BOG) (Retinoblastoma-binding protein 10) (RBBP-10) (Retinoblastoma-binding protein 9) (RBBP-9)	Homo sapiens (Human)	186
O75897	ST1C4_HUMAN	Sulfotransferase 1C4 (ST1C4) (EC 2.8.2.1) (Sulfotransferase 1C2) (SULT1C#2)	Homo sapiens (Human)	302
O75928	PIAS2_HUMAN	E3 SUMO-protein ligase PIAS2 (EC 2.3.2.-) (Androgen receptor-interacting protein 3) (ARIP3) (DAB2-interacting protein) (DIP) (E3 SUMO-protein transferase PIAS2) (Msx-interacting zinc finger protein) (Miz1) (PIAS-NY protein) (Protein inhibitor of activated STAT x) (Protein inhibitor of activated STAT2)	Homo sapiens (Human)	621
O75935	DCTN3_HUMAN	Dynactin subunit 3 (Dynactin complex subunit 22 kDa subunit) (p22)	Homo sapiens (Human)	186
O75952	CABYR_HUMAN	Calcium-binding tyrosine phosphorylation-regulated protein (Calcium-binding protein 86) (Cancer/testis antigen 88) (CT88) (Fibrousheathin II) (Fibrousheathin-2) (FSP-2) (Testis-specific calcium-binding protein CBP86)	Homo sapiens (Human)	493
O75956	CDKA2_HUMAN	Cyclin-dependent kinase 2-associated protein 2 (CDK2-associated protein 2) (DOC-1-related protein) (DOC-1R)	Homo sapiens (Human)	126
O75964	ATP5L_HUMAN	ATP synthase F(0) complex subunit g, mitochondrial (ATPase subunit g) (ATP synthase membrane subunit g)	Homo sapiens (Human)	103
O75969	AKAP3_HUMAN	A-kinase anchor protein 3 (AKAP-3) (A-kinase anchor protein 110 kDa) (AKAP 110) (Cancer/testis antigen 82) (CT82) (Fibrous sheath protein of 95 kDa) (FSP95) (Fibrousheathin I) (Fibrousheathin-1) (Protein kinase A-anchoring protein 3) (PRKA3) (Sperm oocyte-binding protein)	Homo sapiens (Human)	853
O76027	ANXA9_HUMAN	Annexin A9 (Annexin XXXI) (Annexin-31) (Annexin-9) (Pemphaxin)	Homo sapiens (Human)	345
O76039	CDKL5_HUMAN	Cyclin-dependent kinase-like 5 (EC 2.7.11.22) (Serine/threonine-protein kinase 9)	Homo sapiens (Human)	960
O76074	PDE5A_HUMAN	cGMP-specific 3',5'-cyclic phosphodiesterase (EC 3.1.4.35) (cGMP-binding cGMP-specific phosphodiesterase) (CGB-PDE)	Homo sapiens (Human)	875
O76075	DFFB_HUMAN	DNA fragmentation factor subunit beta (EC 3.-.-.-) (Caspase-activated deoxyribonuclease) (CAD) (Caspase-activated DNase) (Caspase-activated nuclease) (CPAN) (DNA fragmentation factor 40 kDa subunit) (DFF-40)	Homo sapiens (Human)	338
O76093	FGF18_HUMAN	Fibroblast growth factor 18 (FGF-18) (zFGF5)	Homo sapiens (Human)	207
O77932	DXO_HUMAN	Decapping and exoribonuclease protein (DXO) (EC 3.6.1.-) (5'-3' exoribonuclease DXO) (EC 3.1.13.-) (Dom-3 homolog Z) (NAD-capped RNA hydrolase DXO) (DeNADding enzyme DXO) (EC 3.6.1.-)	Homo sapiens (Human)	396
O94762	RECQ5_HUMAN	ATP-dependent DNA helicase Q5 (EC 5.6.2.4) (DNA 3'-5' helicase RecQ5) (DNA helicase, RecQ-like type 5) (RecQ5) (RecQ protein-like 5)	Homo sapiens (Human)	991
O94768	ST17B_HUMAN	Serine/threonine-protein kinase 17B (EC 2.7.11.1) (DAP kinase-related apoptosis-inducing protein kinase 2)	Homo sapiens (Human)	372
O94805	ACL6B_HUMAN	Actin-like protein 6B (53 kDa BRG1-associated factor B) (Actin-related protein Baf53b) (ArpNalpha) (BRG1-associated factor 53B) (BAF53B)	Homo sapiens (Human)	426
O94808	GFPT2_HUMAN	Glutamine--fructose-6-phosphate aminotransferase [isomerizing] 2 (EC 2.6.1.16) (D-fructose-6-phosphate amidotransferase 2) (Glutamine:fructose-6-phosphate amidotransferase 2) (GFAT 2) (GFAT2) (Hexosephosphate aminotransferase 2)	Homo sapiens (Human)	682
O94810	RGS11_HUMAN	Regulator of G-protein signaling 11 (RGS11)	Homo sapiens (Human)	467
O94818	NOL4_HUMAN	Nucleolar protein 4 (Nucleolar-localized protein)	Homo sapiens (Human)	638
O94876	TMCC1_HUMAN	Transmembrane and coiled-coil domains protein 1	Homo sapiens (Human)	653
O94889	KLH18_HUMAN	Kelch-like protein 18	Homo sapiens (Human)	574
O94898	LRIG2_HUMAN	Leucine-rich repeats and immunoglobulin-like domains protein 2 (LIG-2)	Homo sapiens (Human)	1065
O94901	SUN1_HUMAN	SUN domain-containing protein 1 (Protein unc-84 homolog A) (Sad1/unc-84 protein-like 1)	Homo sapiens (Human)	785
O94923	GLCE_HUMAN	D-glucuronyl C5-epimerase (EC 5.1.3.17) (Heparan sulfate C5-epimerase) (Hsepi) (Heparin/heparan sulfate:glucuronic acid C5-epimerase) (Heparosan-N-sulfate-glucuronate 5-epimerase)	Homo sapiens (Human)	617
O94964	MTCL2_HUMAN	Microtubule cross-linking factor 2 (SOGA family member 1) (Suppressor of glucose by autophagy) (Suppressor of glucose, autophagy-associated protein 1) [Cleaved into: N-terminal form; C-terminal 80 kDa form (80-kDa SOGA fragment)]	Homo sapiens (Human)	1661
O94983	CMTA2_HUMAN	Calmodulin-binding transcription activator 2	Homo sapiens (Human)	1202
O94985	CSTN1_HUMAN	Calsyntenin-1 (Alcadein-alpha) (Alc-alpha) (Alzheimer-related cadherin-like protein) (Non-classical cadherin XB31alpha) [Cleaved into: Soluble Alc-alpha (SAlc-alpha); CTF1-alpha (C-terminal fragment 1-alpha)]	Homo sapiens (Human)	981
O94993	SOX30_HUMAN	Transcription factor SOX-30	Homo sapiens (Human)	753
O95047	OR2A4_HUMAN	Olfactory receptor 2A4 (Olfactory receptor 2A10) (Olfactory receptor OR6-37)	Homo sapiens (Human)	310
O95049	ZO3_HUMAN	Tight junction protein ZO-3 (Tight junction protein 3) (Zona occludens protein 3) (Zonula occludens protein 3)	Homo sapiens (Human)	919
O95125	ZN202_HUMAN	Zinc finger protein 202 (Zinc finger protein with KRAB and SCAN domains 10)	Homo sapiens (Human)	648
O95139	NDUB6_HUMAN	NADH dehydrogenase [ubiquinone] 1 beta subcomplex subunit 6 (Complex I-B17) (CI-B17) (NADH-ubiquinone oxidoreductase B17 subunit)	Homo sapiens (Human)	128
O95153	RIMB1_HUMAN	Peripheral-type benzodiazepine receptor-associated protein 1 (PRAX-1) (Peripheral benzodiazepine receptor-interacting protein) (PBR-IP) (RIMS-binding protein 1) (RIM-BP1) (TSPO-associated protein 1)	Homo sapiens (Human)	1857
O95154	ARK73_HUMAN	Aldo-keto reductase family 7 member A3 (EC 1.1.1.2) (AFB1 aldehyde reductase 2) (AFB1-AR 2) (Aflatoxin B1 aldehyde reductase member 3)	Homo sapiens (Human)	331
O95155	UBE4B_HUMAN	Ubiquitin conjugation factor E4 B (EC 2.3.2.27) (Homozygously deleted in neuroblastoma 1) (RING-type E3 ubiquitin transferase E4 B) (Ubiquitin fusion degradation protein 2)	Homo sapiens (Human)	1302
O95169	NDUB8_HUMAN	NADH dehydrogenase [ubiquinone] 1 beta subcomplex subunit 8, mitochondrial (Complex I-ASHI) (CI-ASHI) (NADH-ubiquinone oxidoreductase ASHI subunit)	Homo sapiens (Human)	186
O95208	EPN2_HUMAN	Epsin-2 (EPS-15-interacting protein 2)	Homo sapiens (Human)	641
O95237	LRAT_HUMAN	Lecithin retinol acyltransferase (EC 2.3.1.135) (Phosphatidylcholine--retinol O-acyltransferase)	Homo sapiens (Human)	230
O95248	MTMR5_HUMAN	Myotubularin-related protein 5 (Inactive phosphatidylinositol 3-phosphatase 5) (SET-binding factor 1) (Sbf1)	Homo sapiens (Human)	1868
O95260	ATE1_HUMAN	Arginyl-tRNA--protein transferase 1 (Arginyltransferase 1) (R-transferase 1) (EC 2.3.2.8) (Arginine-tRNA--protein transferase 1)	Homo sapiens (Human)	518
O95274	LYPD3_HUMAN	Ly6/PLAUR domain-containing protein 3 (GPI-anchored metastasis-associated protein C4.4A homolog) (Matrigel-induced gene C4 protein) (MIG-C4)	Homo sapiens (Human)	346
O95294	RASL1_HUMAN	RasGAP-activating-like protein 1 (RAS protein activator like 1) (Ras GTPase-activating-like protein)	Homo sapiens (Human)	804
O95298	NDUC2_HUMAN	NADH dehydrogenase [ubiquinone] 1 subunit C2 (Complex I-B14.5b) (CI-B14.5b) (Human lung cancer oncogene 1 protein) (HLC-1) (NADH-ubiquinone oxidoreductase subunit B14.5b)	Homo sapiens (Human)	119
O95342	ABCBB_HUMAN	Bile salt export pump (EC 7.6.2.-) (ATP-binding cassette sub-family B member 11)	Homo sapiens (Human)	1321
O95343	SIX3_HUMAN	Homeobox protein SIX3 (Sine oculis homeobox homolog 3)	Homo sapiens (Human)	332
O95352	ATG7_HUMAN	Ubiquitin-like modifier-activating enzyme ATG7 (ATG12-activating enzyme E1 ATG7) (Autophagy-related protein 7) (APG7-like) (hAGP7) (Ubiquitin-activating enzyme E1-like protein)	Homo sapiens (Human)	703
O95361	TRI16_HUMAN	Tripartite motif-containing protein 16 (EC 2.3.2.27) (E3 ubiquitin-protein ligase TRIM16) (Estrogen-responsive B box protein)	Homo sapiens (Human)	564
O95373	IPO7_HUMAN	Importin-7 (Imp7) (Ran-binding protein 7) (RanBP7)	Homo sapiens (Human)	1038
O95393	BMP10_HUMAN	Bone morphogenetic protein 10 (BMP-10)	Homo sapiens (Human)	424
O95394	AGM1_HUMAN	Phosphoacetylglucosamine mutase (PAGM) (EC 5.4.2.3) (Acetylglucosamine phosphomutase) (N-acetylglucosamine-phosphate mutase) (Phosphoglucomutase-3) (PGM 3)	Homo sapiens (Human)	542
O95415	BRI3_HUMAN	Membrane protein BRI3 (Brain protein I3) (pRGR2)	Homo sapiens (Human)	125
O95427	PIGN_HUMAN	GPI ethanolamine phosphate transferase 1 (EC 2.-.-.-) (GPI-ethanolamine transferase I) (GPI-ETI) (MCD4 homolog) (Phosphatidylinositol-glycan biosynthesis class N protein) (PIG-N)	Homo sapiens (Human)	931
O95429	BAG4_HUMAN	BAG family molecular chaperone regulator 4 (BAG-4) (Bcl-2-associated athanogene 4) (Silencer of death domains)	Homo sapiens (Human)	457
O95447	LCA5L_HUMAN	Lebercilin-like protein (Leber congenital amaurosis 5-like protein)	Homo sapiens (Human)	670
O95466	FMNL1_HUMAN	Formin-like protein 1 (CLL-associated antigen KW-13) (Leukocyte formin)	Homo sapiens (Human)	1100
O95470	SGPL1_HUMAN	Sphingosine-1-phosphate lyase 1 (S1PL) (SP-lyase 1) (SPL 1) (hSPL) (EC 4.1.2.27) (Sphingosine-1-phosphate aldolase)	Homo sapiens (Human)	568
O95479	G6PE_HUMAN	GDH/6PGL endoplasmic bifunctional protein [Includes: Hexose-6-phosphate dehydrogenase (Glucose 1-dehydrogenase) (GDH) (EC 1.1.1.47) (Glucose-6-phosphate dehydrogenase) (EC 1.1.1.363); 6-phosphogluconolactonase (6PGL) (EC 3.1.1.31)]	Homo sapiens (Human)	791
O95497	VNN1_HUMAN	Pantetheinase (EC 3.5.1.92) (Pantetheine hydrolase) (Tiff66) (Vascular non-inflammatory molecule 1) (Vanin-1)	Homo sapiens (Human)	513
O95528	GTR10_HUMAN	Solute carrier family 2, facilitated glucose transporter member 10 (Glucose transporter type 10) (GLUT-10)	Homo sapiens (Human)	541
O95544	NADK_HUMAN	NAD kinase (EC 2.7.1.23) (Poly(P)/ATP NAD kinase)	Homo sapiens (Human)	446
O95571	ETHE1_HUMAN	Persulfide dioxygenase ETHE1, mitochondrial (EC 1.13.11.18) (Ethylmalonic encephalopathy protein 1) (Hepatoma subtracted clone one protein) (Sulfur dioxygenase ETHE1)	Homo sapiens (Human)	254
O95622	ADCY5_HUMAN	Adenylate cyclase type 5 (EC 4.6.1.1) (ATP pyrophosphate-lyase 5) (Adenylate cyclase type V) (Adenylyl cyclase 5) (AC5)	Homo sapiens (Human)	1261
O95630	STABP_HUMAN	STAM-binding protein (EC 3.4.19.-) (Associated molecule with the SH3 domain of STAM) (Endosome-associated ubiquitin isopeptidase)	Homo sapiens (Human)	424
O95670	VATG2_HUMAN	V-type proton ATPase subunit G 2 (V-ATPase subunit G 2) (V-ATPase 13 kDa subunit 2) (Vacuolar proton pump subunit G 2)	Homo sapiens (Human)	118
O95674	CDS2_HUMAN	Phosphatidate cytidylyltransferase 2 (EC 2.7.7.41) (CDP-DAG synthase 2) (CDP-DG synthase 2) (CDP-diacylglycerol synthase 2) (CDS 2) (CDP-diglyceride pyrophosphorylase 2) (CDP-diglyceride synthase 2) (CTP:phosphatidate cytidylyltransferase 2)	Homo sapiens (Human)	445
O95714	HERC2_HUMAN	E3 ubiquitin-protein ligase HERC2 (EC 2.3.2.26) (HECT domain and RCC1-like domain-containing protein 2) (HECT-type E3 ubiquitin transferase HERC2)	Homo sapiens (Human)	4834
O95741	CPNE6_HUMAN	Copine-6 (Copine VI) (Neuronal-copine) (N-copine)	Homo sapiens (Human)	557
O95750	FGF19_HUMAN	Fibroblast growth factor 19 (FGF-19)	Homo sapiens (Human)	216
O95758	PTBP3_HUMAN	Polypyrimidine tract-binding protein 3 (Regulator of differentiation 1) (Rod1)	Homo sapiens (Human)	552
O95777	LSM8_HUMAN	U6 snRNA-associated Sm-like protein LSm8	Homo sapiens (Human)	96
O95782	AP2A1_HUMAN	AP-2 complex subunit alpha-1 (100 kDa coated vesicle protein A) (Adaptor protein complex AP-2 subunit alpha-1) (Adaptor-related protein complex 2 subunit alpha-1) (Alpha-adaptin A) (Alpha1-adaptin) (Clathrin assembly protein complex 2 alpha-A large chain) (Plasma membrane adaptor HA2/AP2 adaptin alpha A subunit)	Homo sapiens (Human)	977
O95793	STAU1_HUMAN	Double-stranded RNA-binding protein Staufen homolog 1	Homo sapiens (Human)	577
O95807	TM50A_HUMAN	Transmembrane protein 50A (Small membrane protein 1)	Homo sapiens (Human)	157
O95835	LATS1_HUMAN	Serine/threonine-protein kinase LATS1 (EC 2.7.11.1) (Large tumor suppressor homolog 1) (WARTS protein kinase) (h-warts)	Homo sapiens (Human)	1130
O95843	GUC1C_HUMAN	Guanylyl cyclase-activating protein 3 (GCAP 3) (Guanylate cyclase activator 1C)	Homo sapiens (Human)	209
O95876	FRITZ_HUMAN	WD repeat-containing and planar cell polarity effector protein fritz homolog (hFRTZ) (Bardet-Biedl syndrome 15 protein) (WD repeat-containing and planar cell polarity effector protein)	Homo sapiens (Human)	746
O95881	TXD12_HUMAN	Thioredoxin domain-containing protein 12 (EC 1.8.4.2) (Endoplasmic reticulum resident protein 18) (ER protein 18) (ERp18) (Endoplasmic reticulum resident protein 19) (ER protein 19) (ERp19) (Thioredoxin-like protein p19) (hTLP19)	Homo sapiens (Human)	172
O95886	DLGP3_HUMAN	Disks large-associated protein 3 (DAP-3) (PSD-95/SAP90-binding protein 3) (SAP90/PSD-95-associated protein 3) (SAPAP3)	Homo sapiens (Human)	979
O95905	ECD_HUMAN	Protein ecdysoneless homolog (Human suppressor of GCR two) (hSGT1)	Homo sapiens (Human)	644
O95907	MOT3_HUMAN	Monocarboxylate transporter 3 (MCT 3) (Solute carrier family 16 member 8)	Homo sapiens (Human)	504
O95944	NCTR2_HUMAN	Natural cytotoxicity triggering receptor 2 (Lymphocyte antigen 95 homolog) (NK cell-activating receptor) (Natural killer cell p44-related protein) (NK-p44) (NKp44) (CD antigen CD336)	Homo sapiens (Human)	276
O95977	S1PR4_HUMAN	Sphingosine 1-phosphate receptor 4 (S1P receptor 4) (S1P4) (Endothelial differentiation G-protein coupled receptor 6) (Sphingosine 1-phosphate receptor Edg-6) (S1P receptor Edg-6)	Homo sapiens (Human)	384
O95990	F107A_HUMAN	Actin-associated protein FAM107A (Down-regulated in renal cell carcinoma 1) (Protein TU3A)	Homo sapiens (Human)	144
O95996	APCL_HUMAN	Adenomatous polyposis coli protein 2 (Adenomatous polyposis coli protein-like) (APC-like)	Homo sapiens (Human)	2303
O96000	NDUBA_HUMAN	NADH dehydrogenase [ubiquinone] 1 beta subcomplex subunit 10 (Complex I-PDSW) (CI-PDSW) (NADH-ubiquinone oxidoreductase PDSW subunit)	Homo sapiens (Human)	172
O96004	HAND1_HUMAN	Heart- and neural crest derivatives-expressed protein 1 (Class A basic helix-loop-helix protein 27) (bHLHa27) (Extraembryonic tissues, heart, autonomic nervous system and neural crest derivatives-expressed protein 1) (eHAND)	Homo sapiens (Human)	215
O96005	CLPT1_HUMAN	Putative lipid scramblase CLPTM1 (Cleft lip and palate transmembrane protein 1)	Homo sapiens (Human)	669
P00338	LDHA_HUMAN	L-lactate dehydrogenase A chain (LDH-A) (EC 1.1.1.27) (Cell proliferation-inducing gene 19 protein) (LDH muscle subunit) (LDH-M) (Renal carcinoma antigen NY-REN-59)	Homo sapiens (Human)	332
P00374	DYR_HUMAN	Dihydrofolate reductase (EC 1.5.1.3)	Homo sapiens (Human)	187
P00480	OTC_HUMAN	Ornithine transcarbamylase, mitochondrial (OTCase) (EC 2.1.3.3) (Ornithine carbamoyltransferase, mitochondrial)	Homo sapiens (Human)	354
P00505	AATM_HUMAN	Aspartate aminotransferase, mitochondrial (mAspAT) (EC 2.6.1.1) (EC 2.6.1.7) (Fatty acid-binding protein) (FABP-1) (Glutamate oxaloacetate transaminase 2) (Kynurenine aminotransferase 4) (Kynurenine aminotransferase IV) (Kynurenine--oxoglutarate transaminase 4) (Kynurenine--oxoglutarate transaminase IV) (Plasma membrane-associated fatty acid-binding protein) (FABPpm) (Transaminase A)	Homo sapiens (Human)	430
P00519	ABL1_HUMAN	Tyrosine-protein kinase ABL1 (EC 2.7.10.2) (Abelson murine leukemia viral oncogene homolog 1) (Abelson tyrosine-protein kinase 1) (Proto-oncogene c-Abl) (p150)	Homo sapiens (Human)	1130
P00846	ATP6_HUMAN	ATP synthase F(0) complex subunit a (F-ATPase protein 6) (Proton-conducting channel, ATP synthase F(0) complex subunit a)	Homo sapiens (Human)	226
P01011	AACT_HUMAN	Alpha-1-antichymotrypsin (ACT) (Cell growth-inhibiting gene 24/25 protein) (Serpin A3) [Cleaved into: Alpha-1-antichymotrypsin His-Pro-less]	Homo sapiens (Human)	423
P01185	NEU2_HUMAN	Vasopressin-neurophysin 2-copeptin (AVP-NPII) [Cleaved into: Arg-vasopressin (Arginine-vasopressin); Neurophysin 2 (Neurophysin-II); Copeptin]	Homo sapiens (Human)	164
P01270	PTHY_HUMAN	Parathyroid hormone (PTH) (Parathormone) (Parathyrin)	Homo sapiens (Human)	115
P01275	GLUC_HUMAN	Pro-glucagon [Cleaved into: Glicentin; Glicentin-related polypeptide (GRPP); Oxyntomodulin (OXM) (OXY); Glucagon; Glucagon-like peptide 1 (GLP-1) (Incretin hormone); Glucagon-like peptide 1(7-37) (GLP-1(7-37)); Glucagon-like peptide 1(7-36) (GLP-1(7-36)); Glucagon-like peptide 2 (GLP-2)]	Homo sapiens (Human)	180
P01308	INS_HUMAN	Insulin [Cleaved into: Insulin B chain; Insulin A chain]	Homo sapiens (Human)	110
P01571	IFN17_HUMAN	Interferon alpha-17 (IFN-alpha-17) (Interferon alpha-88) (Interferon alpha-I') (LeIF I) (Interferon alpha-T)	Homo sapiens (Human)	189
P01579	IFNG_HUMAN	Interferon gamma (IFN-gamma) (Immune interferon)	Homo sapiens (Human)	166
P01597	KV139_HUMAN	Immunoglobulin kappa variable 1-39 (Ig kappa chain V-I region DEE) (Ig kappa chain V-I region Hau) (Ig kappa chain V-I region Mev) (Ig kappa chain V-I region OU) (Ig kappa chain V-I region Walker)	Homo sapiens (Human)	117
P01615	KVD28_HUMAN	Immunoglobulin kappa variable 2D-28 (Ig kappa chain V-II region FR) (Ig kappa chain V-II region GM607) (Ig kappa chain V-II region MIL) (Ig kappa chain V-II region TEW)	Homo sapiens (Human)	120
P01732	CD8A_HUMAN	T-cell surface glycoprotein CD8 alpha chain (T-lymphocyte differentiation antigen T8/Leu-2) (CD antigen CD8a)	Homo sapiens (Human)	235
P01764	HV323_HUMAN	Immunoglobulin heavy variable 3-23 (Ig heavy chain V-III region LAY) (Ig heavy chain V-III region POM) (Ig heavy chain V-III region TEI) (Ig heavy chain V-III region TIL) (Ig heavy chain V-III region TUR) (Ig heavy chain V-III region VH26) (Ig heavy chain V-III region WAS) (Ig heavy chain V-III region ZAP)	Homo sapiens (Human)	117
P01825	HV459_HUMAN	Immunoglobulin heavy variable 4-59 (Ig heavy chain V-II region NEWM)	Homo sapiens (Human)	116
P01877	IGHA2_HUMAN	Immunoglobulin heavy constant alpha 2 (Ig alpha-2 chain C region) (Ig alpha-2 chain C region BUT) (Ig alpha-2 chain C region LAN)	Homo sapiens (Human)	391
P01909	DQA1_HUMAN	HLA class II histocompatibility antigen, DQ alpha 1 chain (DC-1 alpha chain) (DC-alpha) (HLA-DCA) (MHC class II DQA1)	Homo sapiens (Human)	254
P02452	CO1A1_HUMAN	Collagen alpha-1(I) chain (Alpha-1 type I collagen)	Homo sapiens (Human)	1464
P02511	CRYAB_HUMAN	Alpha-crystallin B chain (Alpha(B)-crystallin) (Heat shock protein beta-5) (HspB5) (Heat shock protein family B member 5) (Renal carcinoma antigen NY-REN-27) (Rosenthal fiber component)	Homo sapiens (Human)	175
P02538	K2C6A_HUMAN	Keratin, type II cytoskeletal 6A (Cytokeratin-6A) (CK-6A) (Cytokeratin-6D) (CK-6D) (Keratin-6A) (K6A) (Type-II keratin Kb6) (allergen Hom s 5)	Homo sapiens (Human)	564
P02649	APOE_HUMAN	Apolipoprotein E (Apo-E)	Homo sapiens (Human)	317
P02679	FIBG_HUMAN	Fibrinogen gamma chain	Homo sapiens (Human)	453
P02743	SAMP_HUMAN	Serum amyloid P-component (SAP) (9.5S alpha-1-glycoprotein) [Cleaved into: Serum amyloid P-component(1-203)]	Homo sapiens (Human)	223
P02745	C1QA_HUMAN	Complement C1q subcomponent subunit A	Homo sapiens (Human)	245
P02747	C1QC_HUMAN	Complement C1q subcomponent subunit C	Homo sapiens (Human)	245
P02748	CO9_HUMAN	Complement component C9 [Cleaved into: Complement component C9a; Complement component C9b]	Homo sapiens (Human)	559
P02771	FETA_HUMAN	Alpha-fetoprotein (Alpha-1-fetoprotein) (Alpha-fetoglobulin)	Homo sapiens (Human)	609
P02774	VTDB_HUMAN	Vitamin D-binding protein (DBP) (VDB) (Gc protein-derived macrophage activating factor) (Gc-MAF) (GcMAF) (Gc-globulin) (Group-specific component) (Gc) (Vitamin D-binding protein-macrophage activating factor) (DBP-maf)	Homo sapiens (Human)	474
P02776	PLF4_HUMAN	Platelet factor 4 (PF-4) (C-X-C motif chemokine 4) (Iroplact) (Oncostatin-A) [Cleaved into: Platelet factor 4, short form (Endothelial cell growth inhibitor)]	Homo sapiens (Human)	101
P02786	TFR1_HUMAN	Transferrin receptor protein 1 (TR) (TfR) (TfR1) (Trfr) (T9) (Transferrin receptor 1) (p90) (CD antigen CD71) [Cleaved into: Transferrin receptor protein 1, serum form (sTfR)]	Homo sapiens (Human)	760
P02812	PRB2_HUMAN	Basic salivary proline-rich protein 2 (Salivary proline-rich protein) (Con1 glycoprotein) [Cleaved into: Basic proline-rich peptide IB-1; Basic proline-rich peptide P-E (IB-9); Basic proline-rich peptide IB-7; Basic proline-rich peptide IB-8c (Basic peptide P-F); Basic proline-rich peptide IB-4]	Homo sapiens (Human)	416
P03915	NU5M_HUMAN	NADH-ubiquinone oxidoreductase chain 5 (EC 7.1.1.2) (NADH dehydrogenase subunit 5)	Homo sapiens (Human)	603
P03951	FA11_HUMAN	Coagulation factor XI (FXI) (EC 3.4.21.27) (Plasma thromboplastin antecedent) (PTA) [Cleaved into: Coagulation factor XIa heavy chain; Coagulation factor XIa light chain]	Homo sapiens (Human)	625
P03956	MMP1_HUMAN	Interstitial collagenase (EC 3.4.24.7) (Fibroblast collagenase) (Matrix metalloproteinase-1) (MMP-1) [Cleaved into: 22 kDa interstitial collagenase; 27 kDa interstitial collagenase]	Homo sapiens (Human)	469
P03999	OPSB_HUMAN	Short-wave-sensitive opsin 1 (Blue cone photoreceptor pigment) (Blue-sensitive opsin) (BOP)	Homo sapiens (Human)	345
P04062	GBA1_HUMAN	Lysosomal acid glucosylceramidase (Lysosomal acid GCase) (EC 3.2.1.45) (Acid beta-glucosidase) (Alglucerase) (Beta-glucocerebrosidase) (Beta-GC) (Beta-glucosylceramidase 1) (Cholesterol glucosyltransferase) (SGTase) (EC 2.4.1.-) (Cholesteryl-beta-glucosidase) (EC 3.2.1.-) (D-glucosyl-N-acylsphingosine glucohydrolase) (Glucosylceramidase beta 1) (Imiglucerase) (Lysosomal cholesterol glycosyltransferase) (Lysosomal galactosylceramidase) (EC 3.2.1.46) (Lysosomal glycosylceramidase)	Homo sapiens (Human)	536
P04080	CYTB_HUMAN	Cystatin-B (CPI-B) (Liver thiol proteinase inhibitor) (Stefin-B)	Homo sapiens (Human)	98
P04090	REL2_HUMAN	Prorelaxin H2 [Cleaved into: Relaxin B chain; Relaxin A chain]	Homo sapiens (Human)	185
P04155	TFF1_HUMAN	Trefoil factor 1 (Breast cancer estrogen-inducible protein) (PNR-2) (Polypeptide P1.A) (hP1.A) (Protein pS2)	Homo sapiens (Human)	84
P04179	SODM_HUMAN	Superoxide dismutase [Mn], mitochondrial (EC 1.15.1.1)	Homo sapiens (Human)	222
P04180	LCAT_HUMAN	Phosphatidylcholine-sterol acyltransferase (EC 2.3.1.43) (1-alkyl-2-acetylglycerophosphocholine esterase) (EC 3.1.1.47) (Lecithin-cholesterol acyltransferase) (Phospholipid-cholesterol acyltransferase) (Platelet-activating factor acetylhydrolase) (PAF acetylhydrolase)	Homo sapiens (Human)	440
P04198	MYCN_HUMAN	N-myc proto-oncogene protein (Class E basic helix-loop-helix protein 37) (bHLHe37)	Homo sapiens (Human)	464
P04201	MAS_HUMAN	Proto-oncogene Mas	Homo sapiens (Human)	325
P04275	VWF_HUMAN	von Willebrand factor (vWF) [Cleaved into: von Willebrand antigen 2 (von Willebrand antigen II)]	Homo sapiens (Human)	2813
P04406	G3P_HUMAN	Glyceraldehyde-3-phosphate dehydrogenase (GAPDH) (EC 1.2.1.12) (Peptidyl-cysteine S-nitrosylase GAPDH) (EC 2.6.99.-)	Homo sapiens (Human)	335
P04626	ERBB2_HUMAN	Receptor tyrosine-protein kinase erbB-2 (EC 2.7.10.1) (Metastatic lymph node gene 19 protein) (MLN 19) (Proto-oncogene Neu) (Proto-oncogene c-ErbB-2) (Tyrosine kinase-type cell surface receptor HER2) (p185erbB2) (CD antigen CD340)	Homo sapiens (Human)	1255
P04731	MT1A_HUMAN	Metallothionein-1A (MT-1A) (Metallothionein-IA) (MT-IA)	Homo sapiens (Human)	61
P04844	RPN2_HUMAN	Dolichyl-diphosphooligosaccharide--protein glycosyltransferase subunit 2 (Dolichyl-diphosphooligosaccharide--protein glycosyltransferase 63 kDa subunit) (RIBIIR) (Ribophorin II) (RPN-II) (Ribophorin-2)	Homo sapiens (Human)	631
P05106	ITB3_HUMAN	Integrin beta-3 (Platelet membrane glycoprotein IIIa) (GPIIIa) (CD antigen CD61)	Homo sapiens (Human)	788
P05177	CP1A2_HUMAN	Cytochrome P450 1A2 (EC 1.14.14.1) (CYPIA2) (Cholesterol 25-hydroxylase) (Cytochrome P(3)450) (Cytochrome P450 4) (Cytochrome P450-P3) (Hydroperoxy icosatetraenoate dehydratase) (EC 4.2.1.152)	Homo sapiens (Human)	516
P05204	HMGN2_HUMAN	Non-histone chromosomal protein HMG-17 (High mobility group nucleosome-binding domain-containing protein 2)	Homo sapiens (Human)	90
P05362	ICAM1_HUMAN	Intercellular adhesion molecule 1 (ICAM-1) (Major group rhinovirus receptor) (CD antigen CD54)	Homo sapiens (Human)	532
P05386	RLA1_HUMAN	Large ribosomal subunit protein P1 (60S acidic ribosomal protein P1)	Homo sapiens (Human)	114
P05451	REG1A_HUMAN	Lithostathine-1-alpha (Islet cells regeneration factor) (ICRF) (Islet of Langerhans regenerating protein) (REG) (Pancreatic stone protein) (PSP) (Pancreatic thread protein) (PTP) (Regenerating islet-derived protein 1-alpha) (REG-1-alpha) (Regenerating protein I alpha)	Homo sapiens (Human)	166
P05452	TETN_HUMAN	Tetranectin (TN) (C-type lectin domain family 3 member B) (Plasminogen kringle 4-binding protein)	Homo sapiens (Human)	202
P05787	K2C8_HUMAN	Keratin, type II cytoskeletal 8 (Cytokeratin-8) (CK-8) (Keratin-8) (K8) (Type-II keratin Kb8)	Homo sapiens (Human)	483
P05813	CRBA1_HUMAN	Beta-crystallin A3 [Cleaved into: Beta-crystallin A3, isoform A1, Delta4 form; Beta-crystallin A3, isoform A1, Delta7 form; Beta-crystallin A3, isoform A1, Delta8 form]	Homo sapiens (Human)	215
P05814	CASB_HUMAN	Beta-casein	Homo sapiens (Human)	226
P05976	MYL1_HUMAN	Myosin light chain 1/3, skeletal muscle isoform (MLC1/MLC3) (MLC1F/MLC3F) (Myosin light chain alkali 1/2) (Myosin light chain A1/A2)	Homo sapiens (Human)	194
P05997	CO5A2_HUMAN	Collagen alpha-2(V) chain	Homo sapiens (Human)	1499
P06028	GLPB_HUMAN	Glycophorin-B (PAS-3) (SS-active sialoglycoprotein) (Sialoglycoprotein delta) (CD antigen CD235b)	Homo sapiens (Human)	91
P06126	CD1A_HUMAN	T-cell surface glycoprotein CD1a (T-cell surface antigen T6/Leu-6) (hTa1 thymocyte antigen) (CD antigen CD1a)	Homo sapiens (Human)	327
P06454	PTMA_HUMAN	Prothymosin alpha [Cleaved into: Prothymosin alpha, N-terminally processed; Thymosin alpha-1]	Homo sapiens (Human)	111
P06734	FCER2_HUMAN	Low affinity immunoglobulin epsilon Fc receptor (BLAST-2) (C-type lectin domain family 4 member J) (Fc-epsilon-RII) (Immunoglobulin E-binding factor) (Lymphocyte IgE receptor) (CD antigen CD23) [Cleaved into: Low affinity immunoglobulin epsilon Fc receptor membrane-bound form; Low affinity immunoglobulin epsilon Fc receptor soluble form]	Homo sapiens (Human)	321
P06756	ITAV_HUMAN	Integrin alpha-V (Vitronectin receptor) (Vitronectin receptor subunit alpha) (CD antigen CD51) [Cleaved into: Integrin alpha-V heavy chain; Integrin alpha-V light chain]	Homo sapiens (Human)	1048
P06865	HEXA_HUMAN	Beta-hexosaminidase subunit alpha (EC 3.2.1.52) (Beta-N-acetylhexosaminidase subunit alpha) (Hexosaminidase subunit A) (N-acetyl-beta-glucosaminidase subunit alpha)	Homo sapiens (Human)	529
P06899	H2B1J_HUMAN	Histone H2B type 1-J (Histone H2B.1) (Histone H2B.r) (H2B/r)	Homo sapiens (Human)	126
P07197	NFM_HUMAN	Neurofilament medium polypeptide (NF-M) (160 kDa neurofilament protein) (Neurofilament 3) (Neurofilament triplet M protein)	Homo sapiens (Human)	916
P07305	H10_HUMAN	Histone H1.0 (Histone H1') (Histone H1(0)) [Cleaved into: Histone H1.0, N-terminally processed]	Homo sapiens (Human)	194
P07359	GP1BA_HUMAN	Platelet glycoprotein Ib alpha chain (GP-Ib alpha) (GPIb-alpha) (GPIbA) (Glycoprotein Ibalpha) (Antigen CD42b-alpha) (CD antigen CD42b) [Cleaved into: Glycocalicin]	Homo sapiens (Human)	652
P07384	CAN1_HUMAN	Calpain-1 catalytic subunit (EC 3.4.22.52) (Calcium-activated neutral proteinase 1) (CANP 1) (Calpain mu-type) (Calpain-1 large subunit) (Cell proliferation-inducing gene 30 protein) (Micromolar-calpain) (muCANP)	Homo sapiens (Human)	714
P07438	MT1B_HUMAN	Metallothionein-1B (MT-1B) (Metallothionein-IB) (MT-IB)	Homo sapiens (Human)	61
P07492	GRP_HUMAN	Gastrin-releasing peptide (GRP) [Cleaved into: Neuromedin-C (GRP-10) (GRP18-27)]	Homo sapiens (Human)	148
P07510	ACHG_HUMAN	Acetylcholine receptor subunit gamma	Homo sapiens (Human)	517
P07737	PROF1_HUMAN	Profilin-1 (Epididymis tissue protein Li 184a) (Profilin I)	Homo sapiens (Human)	140
P07902	GALT_HUMAN	Galactose-1-phosphate uridylyltransferase (Gal-1-P uridylyltransferase) (EC 2.7.7.12) (UDP-glucose--hexose-1-phosphate uridylyltransferase)	Homo sapiens (Human)	379
P07910	HNRPC_HUMAN	Heterogeneous nuclear ribonucleoproteins C1/C2 (hnRNP C1/C2)	Homo sapiens (Human)	306
P07942	LAMB1_HUMAN	Laminin subunit beta-1 (Laminin B1 chain) (Laminin-1 subunit beta) (Laminin-10 subunit beta) (Laminin-12 subunit beta) (Laminin-2 subunit beta) (Laminin-6 subunit beta) (Laminin-8 subunit beta)	Homo sapiens (Human)	1786
P07998	RNAS1_HUMAN	Ribonuclease pancreatic (EC 4.6.1.18) (HP-RNase) (RIB-1) (RNase UpI-1) (Ribonuclease 1) (RNase 1) (Ribonuclease A) (RNase A)	Homo sapiens (Human)	156
P08172	ACM2_HUMAN	Muscarinic acetylcholine receptor M2	Homo sapiens (Human)	466
P08253	MMP2_HUMAN	72 kDa type IV collagenase (EC 3.4.24.24) (72 kDa gelatinase) (Gelatinase A) (Matrix metalloproteinase-2) (MMP-2) (TBE-1) [Cleaved into: PEX]	Homo sapiens (Human)	660
P08519	APOA_HUMAN	Apolipoprotein(a) (Apo(a)) (Lp(a)) (EC 3.4.21.-)	Homo sapiens (Human)	2040
P08572	CO4A2_HUMAN	Collagen alpha-2(IV) chain [Cleaved into: Canstatin]	Homo sapiens (Human)	1712
P08620	FGF4_HUMAN	Fibroblast growth factor 4 (FGF-4) (Heparin secretory-transforming protein 1) (HST) (HST-1) (HSTF-1) (Heparin-binding growth factor 4) (HBGF-4) (Transforming protein KS3)	Homo sapiens (Human)	206
P08621	RU17_HUMAN	U1 small nuclear ribonucleoprotein 70 kDa (U1 snRNP 70 kDa) (U1-70K) (snRNP70)	Homo sapiens (Human)	437
P08637	FCG3A_HUMAN	Low affinity immunoglobulin gamma Fc region receptor III-A (IgG Fc receptor III-A) (CD16-II) (CD16a antigen) (Fc-gamma RIII-alpha) (Fc-gamma RIII) (Fc-gamma RIIIa) (FcRIII) (FcRIIIa) (FcgammaRIIIA) (FcR-10) (IgG Fc receptor III-2) (CD antigen CD16a)	Homo sapiens (Human)	254
P08648	ITA5_HUMAN	Integrin alpha-5 (CD49 antigen-like family member E) (Fibronectin receptor subunit alpha) (Integrin alpha-F) (VLA-5) (CD antigen CD49e) [Cleaved into: Integrin alpha-5 heavy chain; Integrin alpha-5 light chain]	Homo sapiens (Human)	1049
P08670	VIME_HUMAN	Vimentin	Homo sapiens (Human)	466
P08700	IL3_HUMAN	Interleukin-3 (IL-3) (Hematopoietic growth factor) (Mast cell growth factor) (MCGF) (Multipotential colony-stimulating factor) (P-cell-stimulating factor)	Homo sapiens (Human)	152
P08865	RSSA_HUMAN	Small ribosomal subunit protein uS2 (37 kDa laminin receptor precursor) (37LRP) (37/67 kDa laminin receptor) (LRP/LR) (40S ribosomal protein SA) (67 kDa laminin receptor) (67LR) (Colon carcinoma laminin-binding protein) (Laminin receptor 1) (LamR) (Laminin-binding protein precursor p40) (LBP/p40) (Multidrug resistance-associated protein MGr1-Ag) (NEM/1CHD4)	Homo sapiens (Human)	295
P08887	IL6RA_HUMAN	Interleukin-6 receptor subunit alpha (IL-6 receptor subunit alpha) (IL-6R subunit alpha) (IL-6R-alpha) (IL-6RA) (IL-6R 1) (Membrane glycoprotein 80) (gp80) (CD antigen CD126) [Cleaved into: Soluble interleukin-6 receptor subunit alpha (sIL6R)]	Homo sapiens (Human)	468
P08922	ROS1_HUMAN	Proto-oncogene tyrosine-protein kinase ROS (EC 2.7.10.1) (Proto-oncogene c-Ros) (Proto-oncogene c-Ros-1) (Receptor tyrosine kinase c-ros oncogene 1) (c-Ros receptor tyrosine kinase)	Homo sapiens (Human)	2347
P09017	HXC4_HUMAN	Homeobox protein Hox-C4 (Homeobox protein CP19) (Homeobox protein Hox-3E)	Homo sapiens (Human)	264
P09038	FGF2_HUMAN	Fibroblast growth factor 2 (FGF-2) (Basic fibroblast growth factor) (bFGF) (Heparin-binding growth factor 2) (HBGF-2)	Homo sapiens (Human)	288
P09086	PO2F2_HUMAN	POU domain, class 2, transcription factor 2 (Lymphoid-restricted immunoglobulin octamer-binding protein NF-A2) (Octamer-binding protein 2) (Oct-2) (Octamer-binding transcription factor 2) (OTF-2)	Homo sapiens (Human)	479
P09466	PAEP_HUMAN	Glycodelin (GD) (Placental protein 14) (PP14) (Pregnancy-associated endometrial alpha-2 globulin) (PAEG) (PEG) (Progestagen-associated endometrial protein) (Progesterone-associated endometrial protein) (Zona-binding inhibitory factor-1) (ZIF-1)	Homo sapiens (Human)	180
P09467	F16P1_HUMAN	Fructose-1,6-bisphosphatase 1 (FBPase 1) (EC 3.1.3.11) (D-fructose-1,6-bisphosphate 1-phosphohydrolase 1) (Liver FBPase)	Homo sapiens (Human)	338
P09493	TPM1_HUMAN	Tropomyosin alpha-1 chain (Alpha-tropomyosin) (Tropomyosin-1)	Homo sapiens (Human)	284
P09496	CLCA_HUMAN	Clathrin light chain A (Lca)	Homo sapiens (Human)	248
P09525	ANXA4_HUMAN	Annexin A4 (35-beta calcimedin) (Annexin IV) (Annexin-4) (Carbohydrate-binding protein p33/p41) (Chromobindin-4) (Endonexin I) (Lipocortin IV) (P32.5) (PP4-X) (Placental anticoagulant protein II) (PAP-II) (Protein II)	Homo sapiens (Human)	319
P09543	CN37_HUMAN	2',3'-cyclic-nucleotide 3'-phosphodiesterase (CNP) (CNPase) (EC 3.1.4.37)	Homo sapiens (Human)	421
P09544	WNT2_HUMAN	Protein Wnt-2 (Int-1-like protein 1) (Int-1-related protein) (IRP)	Homo sapiens (Human)	360
P09603	CSF1_HUMAN	Macrophage colony-stimulating factor 1 (CSF-1) (M-CSF) (MCSF) (Lanimostim) (Proteoglycan macrophage colony-stimulating factor) (PG-M-CSF) [Cleaved into: Processed macrophage colony-stimulating factor 1; Macrophage colony-stimulating factor 1 43 kDa subunit]	Homo sapiens (Human)	554
P09668	CATH_HUMAN	Pro-cathepsin H [Cleaved into: Cathepsin H mini chain; Cathepsin H (EC 3.4.22.16); Cathepsin H heavy chain; Cathepsin H light chain]	Homo sapiens (Human)	335
P09683	SECR_HUMAN	Secretin	Homo sapiens (Human)	121
P09758	TACD2_HUMAN	Tumor-associated calcium signal transducer 2 (Cell surface glycoprotein Trop-2) (Membrane component chromosome 1 surface marker 1) (Pancreatic carcinoma marker protein GA733-1)	Homo sapiens (Human)	323
P09769	FGR_HUMAN	Tyrosine-protein kinase Fgr (EC 2.7.10.2) (Gardner-Rasheed feline sarcoma viral (v-fgr) oncogene homolog) (Proto-oncogene c-Fgr) (p55-Fgr) (p58-Fgr) (p58c-Fgr)	Homo sapiens (Human)	529
P09848	LPH_HUMAN	Lactase/phlorizin hydrolase (Lactase/glycosylceramidase) [Includes: Lactase (EC 3.2.1.108); Glycosylceramidase (EC 3.2.1.62) (Phlorizin hydrolase)]	Homo sapiens (Human)	1927
P09874	PARP1_HUMAN	Poly [ADP-ribose] polymerase 1 (PARP-1) (EC 2.4.2.30) (ADP-ribosyltransferase diphtheria toxin-like 1) (ARTD1) (DNA ADP-ribosyltransferase PARP1) (EC 2.4.2.-) (NAD(+) ADP-ribosyltransferase 1) (ADPRT 1) (Poly[ADP-ribose] synthase 1) (Protein poly-ADP-ribosyltransferase PARP1) (EC 2.4.2.-) [Cleaved into: Poly [ADP-ribose] polymerase 1, processed C-terminus (Poly [ADP-ribose] polymerase 1, 89-kDa form); Poly [ADP-ribose] polymerase 1, processed N-terminus (NT-PARP-1) (Poly [ADP-ribose] polymerase 1, 24-kDa form) (Poly [ADP-ribose] polymerase 1, 28-kDa form)]	Homo sapiens (Human)	1014
P09884	DPOLA_HUMAN	DNA polymerase alpha catalytic subunit (EC 2.7.7.7) (DNA polymerase alpha catalytic subunit p180)	Homo sapiens (Human)	1462
P09912	IFI6_HUMAN	Interferon alpha-inducible protein 6 (Interferon-induced protein 6-16) (Ifi-6-16)	Homo sapiens (Human)	130
P09914	IFIT1_HUMAN	Antiviral innate immune response effector IFIT1 (IFIT-1) (Interferon-induced 56 kDa protein) (IFI-56K) (P56) (Interferon-induced protein with tetratricopeptide repeats 1)	Homo sapiens (Human)	478
P09936	UCHL1_HUMAN	Ubiquitin carboxyl-terminal hydrolase isozyme L1 (UCH-L1) (EC 3.4.19.12) (Neuron cytoplasmic protein 9.5) (PGP 9.5) (PGP9.5) (Ubiquitin thioesterase L1)	Homo sapiens (Human)	223
P0C024	NUDT7_HUMAN	Peroxisomal coenzyme A diphosphatase NUDT7 (EC 3.6.1.-) (EC 3.6.1.77) (Nucleoside diphosphate-linked moiety X motif 7) (Nudix motif 7)	Homo sapiens (Human)	238
P0C0S8	H2A1_HUMAN	Histone H2A type 1 (H2A.1) (Histone H2A/ptl)	Homo sapiens (Human)	130
P0C5Z0	H2AB2_HUMAN	Histone H2A-Bbd type 2/3 (H2A Barr body-deficient) (H2A.Bbd)	Homo sapiens (Human)	115
