Name	Role	Note
User 1	Engineer	pipe | note 1 with extra repeated payload
User 2	Engineer	pipe | note 2 with extra repeated payload
User 3	Engineer	pipe | note 3 with extra repeated payload
User 4	Engineer	pipe | note 4 with extra repeated payload
User 5	Engineer	pipe | note 5 with extra repeated payload
User 6	Engineer	pipe | note 6 with extra repeated payload
User 7	Engineer	pipe | note 7 with extra repeated payload
User 8	Engineer	pipe | note 8 with extra repeated payload
User 9	Engineer	pipe | note 9 with extra repeated payload
User 10	Engineer	pipe | note 10 with extra repeated payload
User 11	Engineer	pipe | note 11 with extra repeated payload
User 12	Engineer	pipe | note 12 with extra repeated payload
User 13	Engineer	pipe | note 13 with extra repeated payload
User 14	Engineer	pipe | note 14 with extra repeated payload
User 15	Engineer	pipe | note 15 with extra repeated payload
User 16	Engineer	pipe | note 16 with extra repeated payload
User 17	Engineer	pipe | note 17 with extra repeated payload
User 18	Engineer	pipe | note 18 with extra repeated payload
User 19	Engineer	pipe | note 19 with extra repeated payload
User 20	Engineer	pipe | note 20 with extra repeated payload
User 21	Engineer	pipe | note 21 with extra repeated payload
User 22	Engineer	pipe | note 22 with extra repeated payload
User 23	Engineer	pipe | note 23 with extra repeated payload
User 24	Engineer	pipe | note 24 with extra repeated payload
User 25	Engineer	pipe | note 25 with extra repeated payload
User 26	Engineer	pipe | note 26 with extra repeated payload
User 27	Engineer	pipe | note 27 with extra repeated payload
User 28	Engineer	pipe | note 28 with extra repeated payload
User 29	Engineer	pipe | note 29 with extra repeated payload
User 30	Engineer	pipe | note 30 with extra repeated payload
User 31	Engineer	pipe | note 31 with extra repeated payload
User 32	Engineer	pipe | note 32 with extra repeated payload
User 33	Engineer	pipe | note 33 with extra repeated payload
User 34	Engineer	pipe | note 34 with extra repeated payload
User 35	Engineer	pipe | note 35 with extra repeated payload
User 36	Engineer	pipe | note 36 with extra repeated payload
User 37	Engineer	pipe | note 37 with extra repeated payload
User 38	Engineer	pipe | note 38 with extra repeated payload
User 39	Engineer	pipe | note 39 with extra repeated payload
User 40	Engineer	pipe | note 40 with extra repeated payload
User 41	Engineer	pipe | note 41 with extra repeated payload
User 42	Engineer	pipe | note 42 with extra repeated payload
User 43	Engineer	pipe | note 43 with extra repeated payload
User 44	Engineer	pipe | note 44 with extra repeated payload
User 45	Engineer	pipe | note 45 with extra repeated payload
User 46	Engineer	pipe | note 46 with extra repeated payload
User 47	Engineer	pipe | note 47 with extra repeated payload
User 48	Engineer	pipe | note 48 with extra repeated payload
User 49	Engineer	pipe | note 49 with extra repeated payload
User 50	Engineer	pipe | note 50 with extra repeated payload
User 51	Engineer	pipe | note 51 with extra repeated payload
User 52	Engineer	pipe | note 52 with extra repeated payload
User 53	Engineer	pipe | note 53 with extra repeated payload
User 54	Engineer	pipe | note 54 with extra repeated payload
User 55	Engineer	pipe | note 55 with extra repeated payload
User 56	Engineer	pipe | note 56 with extra repeated payload
User 57	Engineer	pipe | note 57 with extra repeated payload
User 58	Engineer	pipe | note 58 with extra repeated payload
User 59	Engineer	pipe | note 59 with extra repeated payload
User 60	Engineer	pipe | note 60 with extra repeated payload
User 61	Engineer	pipe | note 61 with extra repeated payload
User 62	Engineer	pipe | note 62 with extra repeated payload
User 63	Engineer	pipe | note 63 with extra repeated payload
User 64	Engineer	pipe | note 64 with extra repeated payload
User 65	Engineer	pipe | note 65 with extra repeated payload
User 66	Engineer	pipe | note 66 with extra repeated payload
User 67	Engineer	pipe | note 67 with extra repeated payload
User 68	Engineer	pipe | note 68 with extra repeated payload
User 69	Engineer	pipe | note 69 with extra repeated payload
User 70	Engineer	pipe | note 70 with extra repeated payload
User 71	Engineer	pipe | note 71 with extra repeated payload
User 72	Engineer	pipe | note 72 with extra repeated payload
User 73	Engineer	pipe | note 73 with extra repeated payload
User 74	Engineer	pipe | note 74 with extra repeated payload
User 75	Engineer	pipe | note 75 with extra repeated payload
User 76	Engineer	pipe | note 76 with extra repeated payload
User 77	Engineer	pipe | note 77 with extra repeated payload
User 78	Engineer	pipe | note 78 with extra repeated payload
User 79	Engineer	pipe | note 79 with extra repeated payload
User 80	Engineer	pipe | note 80 with extra repeated payload
User 81	Engineer	pipe | note 81 with extra repeated payload
User 82	Engineer	pipe | note 82 with extra repeated payload
User 83	Engineer	pipe | note 83 with extra repeated payload
User 84	Engineer	pipe | note 84 with extra repeated payload
User 85	Engineer	pipe | note 85 with extra repeated payload
User 86	Engineer	pipe | note 86 with extra repeated payload
User 87	Engineer	pipe | note 87 with extra repeated payload
User 88	Engineer	pipe | note 88 with extra repeated payload
User 89	Engineer	pipe | note 89 with extra repeated payload
User 90	Engineer	pipe | note 90 with extra repeated payload
User 91	Engineer	pipe | note 91 with extra repeated payload
User 92	Engineer	pipe | note 92 with extra repeated payload
User 93	Engineer	pipe | note 93 with extra repeated payload
User 94	Engineer	pipe | note 94 with extra repeated payload
User 95	Engineer	pipe | note 95 with extra repeated payload
User 96	Engineer	pipe | note 96 with extra repeated payload
User 97	Engineer	pipe | note 97 with extra repeated payload
User 98	Engineer	pipe | note 98 with extra repeated payload
User 99	Engineer	pipe | note 99 with extra repeated payload
User 100	Engineer	pipe | note 100 with extra repeated payload
User 101	Engineer	pipe | note 101 with extra repeated payload
User 102	Engineer	pipe | note 102 with extra repeated payload
User 103	Engineer	pipe | note 103 with extra repeated payload
User 104	Engineer	pipe | note 104 with extra repeated payload
User 105	Engineer	pipe | note 105 with extra repeated payload
User 106	Engineer	pipe | note 106 with extra repeated payload
User 107	Engineer	pipe | note 107 with extra repeated payload
User 108	Engineer	pipe | note 108 with extra repeated payload
User 109	Engineer	pipe | note 109 with extra repeated payload
User 110	Engineer	pipe | note 110 with extra repeated payload
User 111	Engineer	pipe | note 111 with extra repeated payload
User 112	Engineer	pipe | note 112 with extra repeated payload
User 113	Engineer	pipe | note 113 with extra repeated payload
User 114	Engineer	pipe | note 114 with extra repeated payload
User 115	Engineer	pipe | note 115 with extra repeated payload
User 116	Engineer	pipe | note 116 with extra repeated payload
User 117	Engineer	pipe | note 117 with extra repeated payload
User 118	Engineer	pipe | note 118 with extra repeated payload
User 119	Engineer	pipe | note 119 with extra repeated payload
User 120	Engineer	pipe | note 120 with extra repeated payload
User 121	Engineer	pipe | note 121 with extra repeated payload
User 122	Engineer	pipe | note 122 with extra repeated payload
User 123	Engineer	pipe | note 123 with extra repeated payload
User 124	Engineer	pipe | note 124 with extra repeated payload
User 125	Engineer	pipe | note 125 with extra repeated payload
User 126	Engineer	pipe | note 126 with extra repeated payload
User 127	Engineer	pipe | note 127 with extra repeated payload
User 128	Engineer	pipe | note 128 with extra repeated payload
User 129	Engineer	pipe | note 129 with extra repeated payload
User 130	Engineer	pipe | note 130 with extra repeated payload
User 131	Engineer	pipe | note 131 with extra repeated payload
User 132	Engineer	pipe | note 132 with extra repeated payload
User 133	Engineer	pipe | note 133 with extra repeated payload
User 134	Engineer	pipe | note 134 with extra repeated payload
User 135	Engineer	pipe | note 135 with extra repeated payload
User 136	Engineer	pipe | note 136 with extra repeated payload
User 137	Engineer	pipe | note 137 with extra repeated payload
User 138	Engineer	pipe | note 138 with extra repeated payload
User 139	Engineer	pipe | note 139 with extra repeated payload
User 140	Engineer	pipe | note 140 with extra repeated payload
User 141	Engineer	pipe | note 141 with extra repeated payload
User 142	Engineer	pipe | note 142 with extra repeated payload
User 143	Engineer	pipe | note 143 with extra repeated payload
User 144	Engineer	pipe | note 144 with extra repeated payload
User 145	Engineer	pipe | note 145 with extra repeated payload
User 146	Engineer	pipe | note 146 with extra repeated payload
User 147	Engineer	pipe | note 147 with extra repeated payload
User 148	Engineer	pipe | note 148 with extra repeated payload
User 149	Engineer	pipe | note 149 with extra repeated payload
User 150	Engineer	pipe | note 150 with extra repeated payload
User 151	Engineer	pipe | note 151 with extra repeated payload
User 152	Engineer	pipe | note 152 with extra repeated payload
User 153	Engineer	pipe | note 153 with extra repeated payload
User 154	Engineer	pipe | note 154 with extra repeated payload
User 155	Engineer	pipe | note 155 with extra repeated payload
User 156	Engineer	pipe | note 156 with extra repeated payload
User 157	Engineer	pipe | note 157 with extra repeated payload
User 158	Engineer	pipe | note 158 with extra repeated payload
User 159	Engineer	pipe | note 159 with extra repeated payload
User 160	Engineer	pipe | note 160 with extra repeated payload
User 161	Engineer	pipe | note 161 with extra repeated payload
User 162	Engineer	pipe | note 162 with extra repeated payload
User 163	Engineer	pipe | note 163 with extra repeated payload
User 164	Engineer	pipe | note 164 with extra repeated payload
User 165	Engineer	pipe | note 165 with extra repeated payload
User 166	Engineer	pipe | note 166 with extra repeated payload
User 167	Engineer	pipe | note 167 with extra repeated payload
User 168	Engineer	pipe | note 168 with extra repeated payload
User 169	Engineer	pipe | note 169 with extra repeated payload
User 170	Engineer	pipe | note 170 with extra repeated payload
User 171	Engineer	pipe | note 171 with extra repeated payload
User 172	Engineer	pipe | note 172 with extra repeated payload
User 173	Engineer	pipe | note 173 with extra repeated payload
User 174	Engineer	pipe | note 174 with extra repeated payload
User 175	Engineer	pipe | note 175 with extra repeated payload
User 176	Engineer	pipe | note 176 with extra repeated payload
User 177	Engineer	pipe | note 177 with extra repeated payload
User 178	Engineer	pipe | note 178 with extra repeated payload
User 179	Engineer	pipe | note 179 with extra repeated payload
User 180	Engineer	pipe | note 180 with extra repeated payload
User 181	Engineer	pipe | note 181 with extra repeated payload
User 182	Engineer	pipe | note 182 with extra repeated payload
User 183	Engineer	pipe | note 183 with extra repeated payload
User 184	Engineer	pipe | note 184 with extra repeated payload
User 185	Engineer	pipe | note 185 with extra repeated payload
User 186	Engineer	pipe | note 186 with extra repeated payload
User 187	Engineer	pipe | note 187 with extra repeated payload
User 188	Engineer	pipe | note 188 with extra repeated payload
User 189	Engineer	pipe | note 189 with extra repeated payload
User 190	Engineer	pipe | note 190 with extra repeated payload
User 191	Engineer	pipe | note 191 with extra repeated payload
User 192	Engineer	pipe | note 192 with extra repeated payload
User 193	Engineer	pipe | note 193 with extra repeated payload
User 194	Engineer	pipe | note 194 with extra repeated payload
User 195	Engineer	pipe | note 195 with extra repeated payload
User 196	Engineer	pipe | note 196 with extra repeated payload
User 197	Engineer	pipe | note 197 with extra repeated payload
User 198	Engineer	pipe | note 198 with extra repeated payload
User 199	Engineer	pipe | note 199 with extra repeated payload
User 200	Engineer	pipe | note 200 with extra repeated payload
User 201	Engineer	pipe | note 201 with extra repeated payload
User 202	Engineer	pipe | note 202 with extra repeated payload
User 203	Engineer	pipe | note 203 with extra repeated payload
User 204	Engineer	pipe | note 204 with extra repeated payload
User 205	Engineer	pipe | note 205 with extra repeated payload
User 206	Engineer	pipe | note 206 with extra repeated payload
User 207	Engineer	pipe | note 207 with extra repeated payload
User 208	Engineer	pipe | note 208 with extra repeated payload
User 209	Engineer	pipe | note 209 with extra repeated payload
User 210	Engineer	pipe | note 210 with extra repeated payload
User 211	Engineer	pipe | note 211 with extra repeated payload
User 212	Engineer	pipe | note 212 with extra repeated payload
User 213	Engineer	pipe | note 213 with extra repeated payload
User 214	Engineer	pipe | note 214 with extra repeated payload
User 215	Engineer	pipe | note 215 with extra repeated payload
User 216	Engineer	pipe | note 216 with extra repeated payload
User 217	Engineer	pipe | note 217 with extra repeated payload
User 218	Engineer	pipe | note 218 with extra repeated payload
User 219	Engineer	pipe | note 219 with extra repeated payload
User 220	Engineer	pipe | note 220 with extra repeated payload
User 221	Engineer	pipe | note 221 with extra repeated payload
User 222	Engineer	pipe | note 222 with extra repeated payload
User 223	Engineer	pipe | note 223 with extra repeated payload
User 224	Engineer	pipe | note 224 with extra repeated payload
User 225	Engineer	pipe | note 225 with extra repeated payload
User 226	Engineer	pipe | note 226 with extra repeated payload
User 227	Engineer	pipe | note 227 with extra repeated payload
User 228	Engineer	pipe | note 228 with extra repeated payload
User 229	Engineer	pipe | note 229 with extra repeated payload
User 230	Engineer	pipe | note 230 with extra repeated payload
User 231	Engineer	pipe | note 231 with extra repeated payload
User 232	Engineer	pipe | note 232 with extra repeated payload
User 233	Engineer	pipe | note 233 with extra repeated payload
User 234	Engineer	pipe | note 234 with extra repeated payload
User 235	Engineer	pipe | note 235 with extra repeated payload
User 236	Engineer	pipe | note 236 with extra repeated payload
User 237	Engineer	pipe | note 237 with extra repeated payload
User 238	Engineer	pipe | note 238 with extra repeated payload
User 239	Engineer	pipe | note 239 with extra repeated payload
User 240	Engineer	pipe | note 240 with extra repeated payload
User 241	Engineer	pipe | note 241 with extra repeated payload
User 242	Engineer	pipe | note 242 with extra repeated payload
User 243	Engineer	pipe | note 243 with extra repeated payload
User 244	Engineer	pipe | note 244 with extra repeated payload
User 245	Engineer	pipe | note 245 with extra repeated payload
User 246	Engineer	pipe | note 246 with extra repeated payload
User 247	Engineer	pipe | note 247 with extra repeated payload
User 248	Engineer	pipe | note 248 with extra repeated payload
User 249	Engineer	pipe | note 249 with extra repeated payload
User 250	Engineer	pipe | note 250 with extra repeated payload
User 251	Engineer	pipe | note 251 with extra repeated payload
User 252	Engineer	pipe | note 252 with extra repeated payload
User 253	Engineer	pipe | note 253 with extra repeated payload
User 254	Engineer	pipe | note 254 with extra repeated payload
User 255	Engineer	pipe | note 255 with extra repeated payload
User 256	Engineer	pipe | note 256 with extra repeated payload
User 257	Engineer	pipe | note 257 with extra repeated payload
User 258	Engineer	pipe | note 258 with extra repeated payload
User 259	Engineer	pipe | note 259 with extra repeated payload
User 260	Engineer	pipe | note 260 with extra repeated payload
User 261	Engineer	pipe | note 261 with extra repeated payload
User 262	Engineer	pipe | note 262 with extra repeated payload
User 263	Engineer	pipe | note 263 with extra repeated payload
User 264	Engineer	pipe | note 264 with extra repeated payload
User 265	Engineer	pipe | note 265 with extra repeated payload
User 266	Engineer	pipe | note 266 with extra repeated payload
User 267	Engineer	pipe | note 267 with extra repeated payload
User 268	Engineer	pipe | note 268 with extra repeated payload
User 269	Engineer	pipe | note 269 with extra repeated payload
User 270	Engineer	pipe | note 270 with extra repeated payload
User 271	Engineer	pipe | note 271 with extra repeated payload
User 272	Engineer	pipe | note 272 with extra repeated payload
User 273	Engineer	pipe | note 273 with extra repeated payload
User 274	Engineer	pipe | note 274 with extra repeated payload
User 275	Engineer	pipe | note 275 with extra repeated payload
User 276	Engineer	pipe | note 276 with extra repeated payload
User 277	Engineer	pipe | note 277 with extra repeated payload
User 278	Engineer	pipe | note 278 with extra repeated payload
User 279	Engineer	pipe | note 279 with extra repeated payload
User 280	Engineer	pipe | note 280 with extra repeated payload
User 281	Engineer	pipe | note 281 with extra repeated payload
User 282	Engineer	pipe | note 282 with extra repeated payload
User 283	Engineer	pipe | note 283 with extra repeated payload
User 284	Engineer	pipe | note 284 with extra repeated payload
User 285	Engineer	pipe | note 285 with extra repeated payload
User 286	Engineer	pipe | note 286 with extra repeated payload
User 287	Engineer	pipe | note 287 with extra repeated payload
User 288	Engineer	pipe | note 288 with extra repeated payload
User 289	Engineer	pipe | note 289 with extra repeated payload
User 290	Engineer	pipe | note 290 with extra repeated payload
User 291	Engineer	pipe | note 291 with extra repeated payload
User 292	Engineer	pipe | note 292 with extra repeated payload
User 293	Engineer	pipe | note 293 with extra repeated payload
User 294	Engineer	pipe | note 294 with extra repeated payload
User 295	Engineer	pipe | note 295 with extra repeated payload
User 296	Engineer	pipe | note 296 with extra repeated payload
User 297	Engineer	pipe | note 297 with extra repeated payload
User 298	Engineer	pipe | note 298 with extra repeated payload
User 299	Engineer	pipe | note 299 with extra repeated payload
User 300	Engineer	pipe | note 300 with extra repeated payload
User 301	Engineer	pipe | note 301 with extra repeated payload
User 302	Engineer	pipe | note 302 with extra repeated payload
User 303	Engineer	pipe | note 303 with extra repeated payload
User 304	Engineer	pipe | note 304 with extra repeated payload
User 305	Engineer	pipe | note 305 with extra repeated payload
User 306	Engineer	pipe | note 306 with extra repeated payload
User 307	Engineer	pipe | note 307 with extra repeated payload
User 308	Engineer	pipe | note 308 with extra repeated payload
User 309	Engineer	pipe | note 309 with extra repeated payload
User 310	Engineer	pipe | note 310 with extra repeated payload
User 311	Engineer	pipe | note 311 with extra repeated payload
User 312	Engineer	pipe | note 312 with extra repeated payload
User 313	Engineer	pipe | note 313 with extra repeated payload
User 314	Engineer	pipe | note 314 with extra repeated payload
User 315	Engineer	pipe | note 315 with extra repeated payload
User 316	Engineer	pipe | note 316 with extra repeated payload
User 317	Engineer	pipe | note 317 with extra repeated payload
User 318	Engineer	pipe | note 318 with extra repeated payload
User 319	Engineer	pipe | note 319 with extra repeated payload
User 320	Engineer	pipe | note 320 with extra repeated payload
User 321	Engineer	pipe | note 321 with extra repeated payload
User 322	Engineer	pipe | note 322 with extra repeated payload
User 323	Engineer	pipe | note 323 with extra repeated payload
User 324	Engineer	pipe | note 324 with extra repeated payload
User 325	Engineer	pipe | note 325 with extra repeated payload
User 326	Engineer	pipe | note 326 with extra repeated payload
User 327	Engineer	pipe | note 327 with extra repeated payload
User 328	Engineer	pipe | note 328 with extra repeated payload
User 329	Engineer	pipe | note 329 with extra repeated payload
User 330	Engineer	pipe | note 330 with extra repeated payload
User 331	Engineer	pipe | note 331 with extra repeated payload
User 332	Engineer	pipe | note 332 with extra repeated payload
User 333	Engineer	pipe | note 333 with extra repeated payload
User 334	Engineer	pipe | note 334 with extra repeated payload
User 335	Engineer	pipe | note 335 with extra repeated payload
User 336	Engineer	pipe | note 336 with extra repeated payload
User 337	Engineer	pipe | note 337 with extra repeated payload
User 338	Engineer	pipe | note 338 with extra repeated payload
User 339	Engineer	pipe | note 339 with extra repeated payload
User 340	Engineer	pipe | note 340 with extra repeated payload
User 341	Engineer	pipe | note 341 with extra repeated payload
User 342	Engineer	pipe | note 342 with extra repeated payload
User 343	Engineer	pipe | note 343 with extra repeated payload
User 344	Engineer	pipe | note 344 with extra repeated payload
User 345	Engineer	pipe | note 345 with extra repeated payload
User 346	Engineer	pipe | note 346 with extra repeated payload
User 347	Engineer	pipe | note 347 with extra repeated payload
User 348	Engineer	pipe | note 348 with extra repeated payload
User 349	Engineer	pipe | note 349 with extra repeated payload
User 350	Engineer	pipe | note 350 with extra repeated payload
User 351	Engineer	pipe | note 351 with extra repeated payload
User 352	Engineer	pipe | note 352 with extra repeated payload
User 353	Engineer	pipe | note 353 with extra repeated payload
User 354	Engineer	pipe | note 354 with extra repeated payload
User 355	Engineer	pipe | note 355 with extra repeated payload
User 356	Engineer	pipe | note 356 with extra repeated payload
User 357	Engineer	pipe | note 357 with extra repeated payload
User 358	Engineer	pipe | note 358 with extra repeated payload
User 359	Engineer	pipe | note 359 with extra repeated payload
User 360	Engineer	pipe | note 360 with extra repeated payload
User 361	Engineer	pipe | note 361 with extra repeated payload
User 362	Engineer	pipe | note 362 with extra repeated payload
User 363	Engineer	pipe | note 363 with extra repeated payload
User 364	Engineer	pipe | note 364 with extra repeated payload
User 365	Engineer	pipe | note 365 with extra repeated payload
User 366	Engineer	pipe | note 366 with extra repeated payload
User 367	Engineer	pipe | note 367 with extra repeated payload
User 368	Engineer	pipe | note 368 with extra repeated payload
User 369	Engineer	pipe | note 369 with extra repeated payload
User 370	Engineer	pipe | note 370 with extra repeated payload
User 371	Engineer	pipe | note 371 with extra repeated payload
User 372	Engineer	pipe | note 372 with extra repeated payload
User 373	Engineer	pipe | note 373 with extra repeated payload
User 374	Engineer	pipe | note 374 with extra repeated payload
User 375	Engineer	pipe | note 375 with extra repeated payload
User 376	Engineer	pipe | note 376 with extra repeated payload
User 377	Engineer	pipe | note 377 with extra repeated payload
User 378	Engineer	pipe | note 378 with extra repeated payload
User 379	Engineer	pipe | note 379 with extra repeated payload
User 380	Engineer	pipe | note 380 with extra repeated payload
User 381	Engineer	pipe | note 381 with extra repeated payload
User 382	Engineer	pipe | note 382 with extra repeated payload
User 383	Engineer	pipe | note 383 with extra repeated payload
User 384	Engineer	pipe | note 384 with extra repeated payload
User 385	Engineer	pipe | note 385 with extra repeated payload
User 386	Engineer	pipe | note 386 with extra repeated payload
User 387	Engineer	pipe | note 387 with extra repeated payload
User 388	Engineer	pipe | note 388 with extra repeated payload
User 389	Engineer	pipe | note 389 with extra repeated payload
User 390	Engineer	pipe | note 390 with extra repeated payload
User 391	Engineer	pipe | note 391 with extra repeated payload
User 392	Engineer	pipe | note 392 with extra repeated payload
User 393	Engineer	pipe | note 393 with extra repeated payload
User 394	Engineer	pipe | note 394 with extra repeated payload
User 395	Engineer	pipe | note 395 with extra repeated payload
User 396	Engineer	pipe | note 396 with extra repeated payload
User 397	Engineer	pipe | note 397 with extra repeated payload
User 398	Engineer	pipe | note 398 with extra repeated payload
User 399	Engineer	pipe | note 399 with extra repeated payload
User 400	Engineer	pipe | note 400 with extra repeated payload
User 401	Engineer	pipe | note 401 with extra repeated payload
User 402	Engineer	pipe | note 402 with extra repeated payload
User 403	Engineer	pipe | note 403 with extra repeated payload
User 404	Engineer	pipe | note 404 with extra repeated payload
User 405	Engineer	pipe | note 405 with extra repeated payload
User 406	Engineer	pipe | note 406 with extra repeated payload
User 407	Engineer	pipe | note 407 with extra repeated payload
User 408	Engineer	pipe | note 408 with extra repeated payload
User 409	Engineer	pipe | note 409 with extra repeated payload
User 410	Engineer	pipe | note 410 with extra repeated payload
User 411	Engineer	pipe | note 411 with extra repeated payload
User 412	Engineer	pipe | note 412 with extra repeated payload
User 413	Engineer	pipe | note 413 with extra repeated payload
User 414	Engineer	pipe | note 414 with extra repeated payload
User 415	Engineer	pipe | note 415 with extra repeated payload
User 416	Engineer	pipe | note 416 with extra repeated payload
User 417	Engineer	pipe | note 417 with extra repeated payload
User 418	Engineer	pipe | note 418 with extra repeated payload
User 419	Engineer	pipe | note 419 with extra repeated payload
User 420	Engineer	pipe | note 420 with extra repeated payload
User 421	Engineer	pipe | note 421 with extra repeated payload
User 422	Engineer	pipe | note 422 with extra repeated payload
User 423	Engineer	pipe | note 423 with extra repeated payload
User 424	Engineer	pipe | note 424 with extra repeated payload
User 425	Engineer	pipe | note 425 with extra repeated payload
User 426	Engineer	pipe | note 426 with extra repeated payload
User 427	Engineer	pipe | note 427 with extra repeated payload
User 428	Engineer	pipe | note 428 with extra repeated payload
User 429	Engineer	pipe | note 429 with extra repeated payload
User 430	Engineer	pipe | note 430 with extra repeated payload
User 431	Engineer	pipe | note 431 with extra repeated payload
User 432	Engineer	pipe | note 432 with extra repeated payload
User 433	Engineer	pipe | note 433 with extra repeated payload
User 434	Engineer	pipe | note 434 with extra repeated payload
User 435	Engineer	pipe | note 435 with extra repeated payload
User 436	Engineer	pipe | note 436 with extra repeated payload
User 437	Engineer	pipe | note 437 with extra repeated payload
User 438	Engineer	pipe | note 438 with extra repeated payload
User 439	Engineer	pipe | note 439 with extra repeated payload
User 440	Engineer	pipe | note 440 with extra repeated payload
User 441	Engineer	pipe | note 441 with extra repeated payload
User 442	Engineer	pipe | note 442 with extra repeated payload
User 443	Engineer	pipe | note 443 with extra repeated payload
User 444	Engineer	pipe | note 444 with extra repeated payload
User 445	Engineer	pipe | note 445 with extra repeated payload
User 446	Engineer	pipe | note 446 with extra repeated payload
User 447	Engineer	pipe | note 447 with extra repeated payload
User 448	Engineer	pipe | note 448 with extra repeated payload
User 449	Engineer	pipe | note 449 with extra repeated payload
User 450	Engineer	pipe | note 450 with extra repeated payload
User 451	Engineer	pipe | note 451 with extra repeated payload
User 452	Engineer	pipe | note 452 with extra repeated payload
User 453	Engineer	pipe | note 453 with extra repeated payload
User 454	Engineer	pipe | note 454 with extra repeated payload
User 455	Engineer	pipe | note 455 with extra repeated payload
User 456	Engineer	pipe | note 456 with extra repeated payload
User 457	Engineer	pipe | note 457 with extra repeated payload
User 458	Engineer	pipe | note 458 with extra repeated payload
User 459	Engineer	pipe | note 459 with extra repeated payload
User 460	Engineer	pipe | note 460 with extra repeated payload
User 461	Engineer	pipe | note 461 with extra repeated payload
User 462	Engineer	pipe | note 462 with extra repeated payload
User 463	Engineer	pipe | note 463 with extra repeated payload
User 464	Engineer	pipe | note 464 with extra repeated payload
User 465	Engineer	pipe | note 465 with extra repeated payload
User 466	Engineer	pipe | note 466 with extra repeated payload
User 467	Engineer	pipe | note 467 with extra repeated payload
User 468	Engineer	pipe | note 468 with extra repeated payload
User 469	Engineer	pipe | note 469 with extra repeated payload
User 470	Engineer	pipe | note 470 with extra repeated payload
User 471	Engineer	pipe | note 471 with extra repeated payload
User 472	Engineer	pipe | note 472 with extra repeated payload
User 473	Engineer	pipe | note 473 with extra repeated payload
User 474	Engineer	pipe | note 474 with extra repeated payload
User 475	Engineer	pipe | note 475 with extra repeated payload
User 476	Engineer	pipe | note 476 with extra repeated payload
User 477	Engineer	pipe | note 477 with extra repeated payload
User 478	Engineer	pipe | note 478 with extra repeated payload
User 479	Engineer	pipe | note 479 with extra repeated payload
User 480	Engineer	pipe | note 480 with extra repeated payload
User 481	Engineer	pipe | note 481 with extra repeated payload
User 482	Engineer	pipe | note 482 with extra repeated payload
User 483	Engineer	pipe | note 483 with extra repeated payload
User 484	Engineer	pipe | note 484 with extra repeated payload
User 485	Engineer	pipe | note 485 with extra repeated payload
User 486	Engineer	pipe | note 486 with extra repeated payload
User 487	Engineer	pipe | note 487 with extra repeated payload
User 488	Engineer	pipe | note 488 with extra repeated payload
User 489	Engineer	pipe | note 489 with extra repeated payload
User 490	Engineer	pipe | note 490 with extra repeated payload
User 491	Engineer	pipe | note 491 with extra repeated payload
User 492	Engineer	pipe | note 492 with extra repeated payload
User 493	Engineer	pipe | note 493 with extra repeated payload
User 494	Engineer	pipe | note 494 with extra repeated payload
User 495	Engineer	pipe | note 495 with extra repeated payload
User 496	Engineer	pipe | note 496 with extra repeated payload
User 497	Engineer	pipe | note 497 with extra repeated payload
User 498	Engineer	pipe | note 498 with extra repeated payload
User 499	Engineer	pipe | note 499 with extra repeated payload
User 500	Engineer	pipe | note 500 with extra repeated payload
User 501	Engineer	pipe | note 501 with extra repeated payload
User 502	Engineer	pipe | note 502 with extra repeated payload
User 503	Engineer	pipe | note 503 with extra repeated payload
User 504	Engineer	pipe | note 504 with extra repeated payload
User 505	Engineer	pipe | note 505 with extra repeated payload
User 506	Engineer	pipe | note 506 with extra repeated payload
User 507	Engineer	pipe | note 507 with extra repeated payload
User 508	Engineer	pipe | note 508 with extra repeated payload
User 509	Engineer	pipe | note 509 with extra repeated payload
User 510	Engineer	pipe | note 510 with extra repeated payload
User 511	Engineer	pipe | note 511 with extra repeated payload
User 512	Engineer	pipe | note 512 with extra repeated payload
User 513	Engineer	pipe | note 513 with extra repeated payload
User 514	Engineer	pipe | note 514 with extra repeated payload
User 515	Engineer	pipe | note 515 with extra repeated payload
User 516	Engineer	pipe | note 516 with extra repeated payload
User 517	Engineer	pipe | note 517 with extra repeated payload
User 518	Engineer	pipe | note 518 with extra repeated payload
User 519	Engineer	pipe | note 519 with extra repeated payload
User 520	Engineer	pipe | note 520 with extra repeated payload
User 521	Engineer	pipe | note 521 with extra repeated payload
User 522	Engineer	pipe | note 522 with extra repeated payload
User 523	Engineer	pipe | note 523 with extra repeated payload
User 524	Engineer	pipe | note 524 with extra repeated payload
User 525	Engineer	pipe | note 525 with extra repeated payload
User 526	Engineer	pipe | note 526 with extra repeated payload
User 527	Engineer	pipe | note 527 with extra repeated payload
User 528	Engineer	pipe | note 528 with extra repeated payload
User 529	Engineer	pipe | note 529 with extra repeated payload
User 530	Engineer	pipe | note 530 with extra repeated payload
User 531	Engineer	pipe | note 531 with extra repeated payload
User 532	Engineer	pipe | note 532 with extra repeated payload
User 533	Engineer	pipe | note 533 with extra repeated payload
User 534	Engineer	pipe | note 534 with extra repeated payload
User 535	Engineer	pipe | note 535 with extra repeated payload
User 536	Engineer	pipe | note 536 with extra repeated payload
User 537	Engineer	pipe | note 537 with extra repeated payload
User 538	Engineer	pipe | note 538 with extra repeated payload
User 539	Engineer	pipe | note 539 with extra repeated payload
User 540	Engineer	pipe | note 540 with extra repeated payload
User 541	Engineer	pipe | note 541 with extra repeated payload
User 542	Engineer	pipe | note 542 with extra repeated payload
User 543	Engineer	pipe | note 543 with extra repeated payload
User 544	Engineer	pipe | note 544 with extra repeated payload
User 545	Engineer	pipe | note 545 with extra repeated payload
User 546	Engineer	pipe | note 546 with extra repeated payload
User 547	Engineer	pipe | note 547 with extra repeated payload
User 548	Engineer	pipe | note 548 with extra repeated payload
User 549	Engineer	pipe | note 549 with extra repeated payload
User 550	Engineer	pipe | note 550 with extra repeated payload
User 551	Engineer	pipe | note 551 with extra repeated payload
User 552	Engineer	pipe | note 552 with extra repeated payload
User 553	Engineer	pipe | note 553 with extra repeated payload
User 554	Engineer	pipe | note 554 with extra repeated payload
User 555	Engineer	pipe | note 555 with extra repeated payload
User 556	Engineer	pipe | note 556 with extra repeated payload
User 557	Engineer	pipe | note 557 with extra repeated payload
User 558	Engineer	pipe | note 558 with extra repeated payload
User 559	Engineer	pipe | note 559 with extra repeated payload
User 560	Engineer	pipe | note 560 with extra repeated payload
User 561	Engineer	pipe | note 561 with extra repeated payload
User 562	Engineer	pipe | note 562 with extra repeated payload
User 563	Engineer	pipe | note 563 with extra repeated payload
User 564	Engineer	pipe | note 564 with extra repeated payload
User 565	Engineer	pipe | note 565 with extra repeated payload
User 566	Engineer	pipe | note 566 with extra repeated payload
User 567	Engineer	pipe | note 567 with extra repeated payload
User 568	Engineer	pipe | note 568 with extra repeated payload
User 569	Engineer	pipe | note 569 with extra repeated payload
User 570	Engineer	pipe | note 570 with extra repeated payload
User 571	Engineer	pipe | note 571 with extra repeated payload
User 572	Engineer	pipe | note 572 with extra repeated payload
User 573	Engineer	pipe | note 573 with extra repeated payload
User 574	Engineer	pipe | note 574 with extra repeated payload
User 575	Engineer	pipe | note 575 with extra repeated payload
User 576	Engineer	pipe | note 576 with extra repeated payload
User 577	Engineer	pipe | note 577 with extra repeated payload
User 578	Engineer	pipe | note 578 with extra repeated payload
User 579	Engineer	pipe | note 579 with extra repeated payload
User 580	Engineer	pipe | note 580 with extra repeated payload
User 581	Engineer	pipe | note 581 with extra repeated payload
User 582	Engineer	pipe | note 582 with extra repeated payload
User 583	Engineer	pipe | note 583 with extra repeated payload
User 584	Engineer	pipe | note 584 with extra repeated payload
User 585	Engineer	pipe | note 585 with extra repeated payload
User 586	Engineer	pipe | note 586 with extra repeated payload
User 587	Engineer	pipe | note 587 with extra repeated payload
User 588	Engineer	pipe | note 588 with extra repeated payload
User 589	Engineer	pipe | note 589 with extra repeated payload
User 590	Engineer	pipe | note 590 with extra repeated payload
User 591	Engineer	pipe | note 591 with extra repeated payload
User 592	Engineer	pipe | note 592 with extra repeated payload
User 593	Engineer	pipe | note 593 with extra repeated payload
User 594	Engineer	pipe | note 594 with extra repeated payload
User 595	Engineer	pipe | note 595 with extra repeated payload
User 596	Engineer	pipe | note 596 with extra repeated payload
User 597	Engineer	pipe | note 597 with extra repeated payload
User 598	Engineer	pipe | note 598 with extra repeated payload
User 599	Engineer	pipe | note 599 with extra repeated payload
User 600	Engineer	pipe | note 600 with extra repeated payload
User 601	Engineer	pipe | note 601 with extra repeated payload
User 602	Engineer	pipe | note 602 with extra repeated payload
User 603	Engineer	pipe | note 603 with extra repeated payload
User 604	Engineer	pipe | note 604 with extra repeated payload
User 605	Engineer	pipe | note 605 with extra repeated payload
User 606	Engineer	pipe | note 606 with extra repeated payload
User 607	Engineer	pipe | note 607 with extra repeated payload
User 608	Engineer	pipe | note 608 with extra repeated payload
User 609	Engineer	pipe | note 609 with extra repeated payload
User 610	Engineer	pipe | note 610 with extra repeated payload
User 611	Engineer	pipe | note 611 with extra repeated payload
User 612	Engineer	pipe | note 612 with extra repeated payload
User 613	Engineer	pipe | note 613 with extra repeated payload
User 614	Engineer	pipe | note 614 with extra repeated payload
User 615	Engineer	pipe | note 615 with extra repeated payload
User 616	Engineer	pipe | note 616 with extra repeated payload
User 617	Engineer	pipe | note 617 with extra repeated payload
User 618	Engineer	pipe | note 618 with extra repeated payload
User 619	Engineer	pipe | note 619 with extra repeated payload
User 620	Engineer	pipe | note 620 with extra repeated payload
User 621	Engineer	pipe | note 621 with extra repeated payload
User 622	Engineer	pipe | note 622 with extra repeated payload
User 623	Engineer	pipe | note 623 with extra repeated payload
User 624	Engineer	pipe | note 624 with extra repeated payload
User 625	Engineer	pipe | note 625 with extra repeated payload
User 626	Engineer	pipe | note 626 with extra repeated payload
User 627	Engineer	pipe | note 627 with extra repeated payload
User 628	Engineer	pipe | note 628 with extra repeated payload
User 629	Engineer	pipe | note 629 with extra repeated payload
User 630	Engineer	pipe | note 630 with extra repeated payload
User 631	Engineer	pipe | note 631 with extra repeated payload
User 632	Engineer	pipe | note 632 with extra repeated payload
User 633	Engineer	pipe | note 633 with extra repeated payload
User 634	Engineer	pipe | note 634 with extra repeated payload
User 635	Engineer	pipe | note 635 with extra repeated payload
User 636	Engineer	pipe | note 636 with extra repeated payload
User 637	Engineer	pipe | note 637 with extra repeated payload
User 638	Engineer	pipe | note 638 with extra repeated payload
User 639	Engineer	pipe | note 639 with extra repeated payload
User 640	Engineer	pipe | note 640 with extra repeated payload
User 641	Engineer	pipe | note 641 with extra repeated payload
User 642	Engineer	pipe | note 642 with extra repeated payload
User 643	Engineer	pipe | note 643 with extra repeated payload
User 644	Engineer	pipe | note 644 with extra repeated payload
User 645	Engineer	pipe | note 645 with extra repeated payload
User 646	Engineer	pipe | note 646 with extra repeated payload
User 647	Engineer	pipe | note 647 with extra repeated payload
User 648	Engineer	pipe | note 648 with extra repeated payload
User 649	Engineer	pipe | note 649 with extra repeated payload
User 650	Engineer	pipe | note 650 with extra repeated payload
User 651	Engineer	pipe | note 651 with extra repeated payload
User 652	Engineer	pipe | note 652 with extra repeated payload
User 653	Engineer	pipe | note 653 with extra repeated payload
User 654	Engineer	pipe | note 654 with extra repeated payload
User 655	Engineer	pipe | note 655 with extra repeated payload
User 656	Engineer	pipe | note 656 with extra repeated payload
User 657	Engineer	pipe | note 657 with extra repeated payload
User 658	Engineer	pipe | note 658 with extra repeated payload
User 659	Engineer	pipe | note 659 with extra repeated payload
User 660	Engineer	pipe | note 660 with extra repeated payload
User 661	Engineer	pipe | note 661 with extra repeated payload
User 662	Engineer	pipe | note 662 with extra repeated payload
User 663	Engineer	pipe | note 663 with extra repeated payload
User 664	Engineer	pipe | note 664 with extra repeated payload
User 665	Engineer	pipe | note 665 with extra repeated payload
User 666	Engineer	pipe | note 666 with extra repeated payload
User 667	Engineer	pipe | note 667 with extra repeated payload
User 668	Engineer	pipe | note 668 with extra repeated payload
User 669	Engineer	pipe | note 669 with extra repeated payload
User 670	Engineer	pipe | note 670 with extra repeated payload
User 671	Engineer	pipe | note 671 with extra repeated payload
User 672	Engineer	pipe | note 672 with extra repeated payload
User 673	Engineer	pipe | note 673 with extra repeated payload
User 674	Engineer	pipe | note 674 with extra repeated payload
User 675	Engineer	pipe | note 675 with extra repeated payload
User 676	Engineer	pipe | note 676 with extra repeated payload
User 677	Engineer	pipe | note 677 with extra repeated payload
User 678	Engineer	pipe | note 678 with extra repeated payload
User 679	Engineer	pipe | note 679 with extra repeated payload
User 680	Engineer	pipe | note 680 with extra repeated payload
User 681	Engineer	pipe | note 681 with extra repeated payload
User 682	Engineer	pipe | note 682 with extra repeated payload
User 683	Engineer	pipe | note 683 with extra repeated payload
User 684	Engineer	pipe | note 684 with extra repeated payload
User 685	Engineer	pipe | note 685 with extra repeated payload
User 686	Engineer	pipe | note 686 with extra repeated payload
User 687	Engineer	pipe | note 687 with extra repeated payload
User 688	Engineer	pipe | note 688 with extra repeated payload
User 689	Engineer	pipe | note 689 with extra repeated payload
User 690	Engineer	pipe | note 690 with extra repeated payload
User 691	Engineer	pipe | note 691 with extra repeated payload
User 692	Engineer	pipe | note 692 with extra repeated payload
User 693	Engineer	pipe | note 693 with extra repeated payload
User 694	Engineer	pipe | note 694 with extra repeated payload
User 695	Engineer	pipe | note 695 with extra repeated payload
User 696	Engineer	pipe | note 696 with extra repeated payload
User 697	Engineer	pipe | note 697 with extra repeated payload
User 698	Engineer	pipe | note 698 with extra repeated payload
User 699	Engineer	pipe | note 699 with extra repeated payload
User 700	Engineer	pipe | note 700 with extra repeated payload
User 701	Engineer	pipe | note 701 with extra repeated payload
User 702	Engineer	pipe | note 702 with extra repeated payload
User 703	Engineer	pipe | note 703 with extra repeated payload
User 704	Engineer	pipe | note 704 with extra repeated payload
User 705	Engineer	pipe | note 705 with extra repeated payload
User 706	Engineer	pipe | note 706 with extra repeated payload
User 707	Engineer	pipe | note 707 with extra repeated payload
User 708	Engineer	pipe | note 708 with extra repeated payload
User 709	Engineer	pipe | note 709 with extra repeated payload
User 710	Engineer	pipe | note 710 with extra repeated payload
User 711	Engineer	pipe | note 711 with extra repeated payload
User 712	Engineer	pipe | note 712 with extra repeated payload
User 713	Engineer	pipe | note 713 with extra repeated payload
User 714	Engineer	pipe | note 714 with extra repeated payload
User 715	Engineer	pipe | note 715 with extra repeated payload
User 716	Engineer	pipe | note 716 with extra repeated payload
User 717	Engineer	pipe | note 717 with extra repeated payload
User 718	Engineer	pipe | note 718 with extra repeated payload
User 719	Engineer	pipe | note 719 with extra repeated payload
User 720	Engineer	pipe | note 720 with extra repeated payload
User 721	Engineer	pipe | note 721 with extra repeated payload
User 722	Engineer	pipe | note 722 with extra repeated payload
User 723	Engineer	pipe | note 723 with extra repeated payload
User 724	Engineer	pipe | note 724 with extra repeated payload
User 725	Engineer	pipe | note 725 with extra repeated payload
User 726	Engineer	pipe | note 726 with extra repeated payload
User 727	Engineer	pipe | note 727 with extra repeated payload
User 728	Engineer	pipe | note 728 with extra repeated payload
User 729	Engineer	pipe | note 729 with extra repeated payload
User 730	Engineer	pipe | note 730 with extra repeated payload
User 731	Engineer	pipe | note 731 with extra repeated payload
User 732	Engineer	pipe | note 732 with extra repeated payload
User 733	Engineer	pipe | note 733 with extra repeated payload
User 734	Engineer	pipe | note 734 with extra repeated payload
User 735	Engineer	pipe | note 735 with extra repeated payload
User 736	Engineer	pipe | note 736 with extra repeated payload
User 737	Engineer	pipe | note 737 with extra repeated payload
User 738	Engineer	pipe | note 738 with extra repeated payload
User 739	Engineer	pipe | note 739 with extra repeated payload
User 740	Engineer	pipe | note 740 with extra repeated payload
User 741	Engineer	pipe | note 741 with extra repeated payload
User 742	Engineer	pipe | note 742 with extra repeated payload
User 743	Engineer	pipe | note 743 with extra repeated payload
User 744	Engineer	pipe | note 744 with extra repeated payload
User 745	Engineer	pipe | note 745 with extra repeated payload
User 746	Engineer	pipe | note 746 with extra repeated payload
User 747	Engineer	pipe | note 747 with extra repeated payload
User 748	Engineer	pipe | note 748 with extra repeated payload
User 749	Engineer	pipe | note 749 with extra repeated payload
User 750	Engineer	pipe | note 750 with extra repeated payload
User 751	Engineer	pipe | note 751 with extra repeated payload
User 752	Engineer	pipe | note 752 with extra repeated payload
User 753	Engineer	pipe | note 753 with extra repeated payload
User 754	Engineer	pipe | note 754 with extra repeated payload
User 755	Engineer	pipe | note 755 with extra repeated payload
User 756	Engineer	pipe | note 756 with extra repeated payload
User 757	Engineer	pipe | note 757 with extra repeated payload
User 758	Engineer	pipe | note 758 with extra repeated payload
User 759	Engineer	pipe | note 759 with extra repeated payload
User 760	Engineer	pipe | note 760 with extra repeated payload
User 761	Engineer	pipe | note 761 with extra repeated payload
User 762	Engineer	pipe | note 762 with extra repeated payload
User 763	Engineer	pipe | note 763 with extra repeated payload
User 764	Engineer	pipe | note 764 with extra repeated payload
User 765	Engineer	pipe | note 765 with extra repeated payload
User 766	Engineer	pipe | note 766 with extra repeated payload
User 767	Engineer	pipe | note 767 with extra repeated payload
User 768	Engineer	pipe | note 768 with extra repeated payload
User 769	Engineer	pipe | note 769 with extra repeated payload
User 770	Engineer	pipe | note 770 with extra repeated payload
User 771	Engineer	pipe | note 771 with extra repeated payload
User 772	Engineer	pipe | note 772 with extra repeated payload
User 773	Engineer	pipe | note 773 with extra repeated payload
User 774	Engineer	pipe | note 774 with extra repeated payload
User 775	Engineer	pipe | note 775 with extra repeated payload
User 776	Engineer	pipe | note 776 with extra repeated payload
User 777	Engineer	pipe | note 777 with extra repeated payload
User 778	Engineer	pipe | note 778 with extra repeated payload
User 779	Engineer	pipe | note 779 with extra repeated payload
User 780	Engineer	pipe | note 780 with extra repeated payload
User 781	Engineer	pipe | note 781 with extra repeated payload
User 782	Engineer	pipe | note 782 with extra repeated payload
User 783	Engineer	pipe | note 783 with extra repeated payload
User 784	Engineer	pipe | note 784 with extra repeated payload
User 785	Engineer	pipe | note 785 with extra repeated payload
User 786	Engineer	pipe | note 786 with extra repeated payload
User 787	Engineer	pipe | note 787 with extra repeated payload
User 788	Engineer	pipe | note 788 with extra repeated payload
User 789	Engineer	pipe | note 789 with extra repeated payload
User 790	Engineer	pipe | note 790 with extra repeated payload
User 791	Engineer	pipe | note 791 with extra repeated payload
User 792	Engineer	pipe | note 792 with extra repeated payload
User 793	Engineer	pipe | note 793 with extra repeated payload
User 794	Engineer	pipe | note 794 with extra repeated payload
User 795	Engineer	pipe | note 795 with extra repeated payload
User 796	Engineer	pipe | note 796 with extra repeated payload
User 797	Engineer	pipe | note 797 with extra repeated payload
User 798	Engineer	pipe | note 798 with extra repeated payload
User 799	Engineer	pipe | note 799 with extra repeated payload
User 800	Engineer	pipe | note 800 with extra repeated payload
User 801	Engineer	pipe | note 801 with extra repeated payload
User 802	Engineer	pipe | note 802 with extra repeated payload
User 803	Engineer	pipe | note 803 with extra repeated payload
User 804	Engineer	pipe | note 804 with extra repeated payload
User 805	Engineer	pipe | note 805 with extra repeated payload
User 806	Engineer	pipe | note 806 with extra repeated payload
User 807	Engineer	pipe | note 807 with extra repeated payload
User 808	Engineer	pipe | note 808 with extra repeated payload
User 809	Engineer	pipe | note 809 with extra repeated payload
User 810	Engineer	pipe | note 810 with extra repeated payload
User 811	Engineer	pipe | note 811 with extra repeated payload
User 812	Engineer	pipe | note 812 with extra repeated payload
User 813	Engineer	pipe | note 813 with extra repeated payload
User 814	Engineer	pipe | note 814 with extra repeated payload
User 815	Engineer	pipe | note 815 with extra repeated payload
User 816	Engineer	pipe | note 816 with extra repeated payload
User 817	Engineer	pipe | note 817 with extra repeated payload
User 818	Engineer	pipe | note 818 with extra repeated payload
User 819	Engineer	pipe | note 819 with extra repeated payload
User 820	Engineer	pipe | note 820 with extra repeated payload
User 821	Engineer	pipe | note 821 with extra repeated payload
User 822	Engineer	pipe | note 822 with extra repeated payload
User 823	Engineer	pipe | note 823 with extra repeated payload
User 824	Engineer	pipe | note 824 with extra repeated payload
User 825	Engineer	pipe | note 825 with extra repeated payload
User 826	Engineer	pipe | note 826 with extra repeated payload
User 827	Engineer	pipe | note 827 with extra repeated payload
User 828	Engineer	pipe | note 828 with extra repeated payload
User 829	Engineer	pipe | note 829 with extra repeated payload
User 830	Engineer	pipe | note 830 with extra repeated payload
User 831	Engineer	pipe | note 831 with extra repeated payload
User 832	Engineer	pipe | note 832 with extra repeated payload
User 833	Engineer	pipe | note 833 with extra repeated payload
User 834	Engineer	pipe | note 834 with extra repeated payload
User 835	Engineer	pipe | note 835 with extra repeated payload
User 836	Engineer	pipe | note 836 with extra repeated payload
User 837	Engineer	pipe | note 837 with extra repeated payload
User 838	Engineer	pipe | note 838 with extra repeated payload
User 839	Engineer	pipe | note 839 with extra repeated payload
User 840	Engineer	pipe | note 840 with extra repeated payload
User 841	Engineer	pipe | note 841 with extra repeated payload
User 842	Engineer	pipe | note 842 with extra repeated payload
User 843	Engineer	pipe | note 843 with extra repeated payload
User 844	Engineer	pipe | note 844 with extra repeated payload
User 845	Engineer	pipe | note 845 with extra repeated payload
User 846	Engineer	pipe | note 846 with extra repeated payload
User 847	Engineer	pipe | note 847 with extra repeated payload
User 848	Engineer	pipe | note 848 with extra repeated payload
User 849	Engineer	pipe | note 849 with extra repeated payload
User 850	Engineer	pipe | note 850 with extra repeated payload
User 851	Engineer	pipe | note 851 with extra repeated payload
User 852	Engineer	pipe | note 852 with extra repeated payload
User 853	Engineer	pipe | note 853 with extra repeated payload
User 854	Engineer	pipe | note 854 with extra repeated payload
User 855	Engineer	pipe | note 855 with extra repeated payload
User 856	Engineer	pipe | note 856 with extra repeated payload
User 857	Engineer	pipe | note 857 with extra repeated payload
User 858	Engineer	pipe | note 858 with extra repeated payload
User 859	Engineer	pipe | note 859 with extra repeated payload
User 860	Engineer	pipe | note 860 with extra repeated payload
User 861	Engineer	pipe | note 861 with extra repeated payload
User 862	Engineer	pipe | note 862 with extra repeated payload
User 863	Engineer	pipe | note 863 with extra repeated payload
User 864	Engineer	pipe | note 864 with extra repeated payload
User 865	Engineer	pipe | note 865 with extra repeated payload
User 866	Engineer	pipe | note 866 with extra repeated payload
User 867	Engineer	pipe | note 867 with extra repeated payload
User 868	Engineer	pipe | note 868 with extra repeated payload
User 869	Engineer	pipe | note 869 with extra repeated payload
User 870	Engineer	pipe | note 870 with extra repeated payload
User 871	Engineer	pipe | note 871 with extra repeated payload
User 872	Engineer	pipe | note 872 with extra repeated payload
User 873	Engineer	pipe | note 873 with extra repeated payload
User 874	Engineer	pipe | note 874 with extra repeated payload
User 875	Engineer	pipe | note 875 with extra repeated payload
User 876	Engineer	pipe | note 876 with extra repeated payload
User 877	Engineer	pipe | note 877 with extra repeated payload
User 878	Engineer	pipe | note 878 with extra repeated payload
User 879	Engineer	pipe | note 879 with extra repeated payload
User 880	Engineer	pipe | note 880 with extra repeated payload
User 881	Engineer	pipe | note 881 with extra repeated payload
User 882	Engineer	pipe | note 882 with extra repeated payload
User 883	Engineer	pipe | note 883 with extra repeated payload
User 884	Engineer	pipe | note 884 with extra repeated payload
User 885	Engineer	pipe | note 885 with extra repeated payload
User 886	Engineer	pipe | note 886 with extra repeated payload
User 887	Engineer	pipe | note 887 with extra repeated payload
User 888	Engineer	pipe | note 888 with extra repeated payload
User 889	Engineer	pipe | note 889 with extra repeated payload
User 890	Engineer	pipe | note 890 with extra repeated payload
User 891	Engineer	pipe | note 891 with extra repeated payload
User 892	Engineer	pipe | note 892 with extra repeated payload
User 893	Engineer	pipe | note 893 with extra repeated payload
User 894	Engineer	pipe | note 894 with extra repeated payload
User 895	Engineer	pipe | note 895 with extra repeated payload
User 896	Engineer	pipe | note 896 with extra repeated payload
User 897	Engineer	pipe | note 897 with extra repeated payload
User 898	Engineer	pipe | note 898 with extra repeated payload
User 899	Engineer	pipe | note 899 with extra repeated payload
User 900	Engineer	pipe | note 900 with extra repeated payload
